Workbook

Sheet 様式２－１
A1: 様式１－１
AA2: 宮ア連 | AF2: 発第 | AH2: 800 | AN2: 号
AA3: 令和 | AC3: 8 | AF3: 年 | AG3: 3 | AJ3: 月 | AK3: 9 | AN3: 日
A5: 公益財団法人 宮崎県スポーツ協会
A6: 理事長 黒 木 淳 一 郎 様
W9: 団 体 名 | AB9: アイスホッケー | AI9: 連盟
W11: 代表者職・氏名 | AB11: 黒木誠一郎 | AL11: 公印
B15: 令和 | E15: 7 | G15: 年度 | J15: 宮崎国スポ強化戦略プロジェクト補助金事業報告
A18: 令和 ７年１２月２３日付け宮スポ協第３３５号で交付決定通知のありました標記補助金につい
A19: について下記のとおり報告いたします。
T22: 記
A24: １ 添付書類
A25: 〇 収支決算書 | N25: (様式２－２) | T25: ※すべてのプロジェクトの決算をまとめたもの
A26: ○ 事業別決算書 | N26: (様式２－２－１) | V26: ※各種プロジェクト様式
A27: 〇 変更実績報告書 | N27: (様式２－３) ※補助金内変更の場合のみ提出
A28: ○ 事業実施・実績報告書 | N28: (様式２－４) | V28: ※各種プロジェクト様式
A29: ○ 事業別参加者名簿 | N29: (様式２－５)
A30: ○ 事業別領収書(原本) | N30: (様式２－６，２－７)
A31: ○ 事業別スナップ写真 | N31: (様式２－８)
A33: ２ 競技団体保管書類
A34: ○ 領収書(コピー) | L34: (様式２－６、２－７)
A38: ３ 記入上の注意
A39: ○ 令和 年 月 日付け宮スポ協第 号の欄は、交付決定通知日付け並びにその
A40: 文書番号を記入のこと。
A41: ○ 印鑑については、会長公印を押印する。
W42: 担当者 | AA42: 齋藤 豊光
W43: ＴＥＬ | AA43: ０９０－８２２４－０８４２
W44: ＦＡＸ | AA44: ０９８５－７３－２７６８
W45: E-mail | AA45: toyo2768@gmail.com

Sheet 様式２－２
A1: 様式２－２
C3: 令和 | F3: ='様式２－１'!E15 -> 7 | H3: 年度 | M3: 宮崎国スポ強化戦略プロジェクト 収支決算書
A5: １ 収 入 | AE5: 単位：円
B6: 費 目 | J6: 金 額 | Q6: 内 訳
B7: １ 補助金 | J7: 2625000 | Q7: 宮崎県スポーツ協会からの補助金（①＋②＋③）
B8: ２ 負担金 | J8: 15309 | Q8: 競技団体負担金
B9: ３ その他
B10: 収入合計 | J10: =SUM(J7:P9) -> 2640309
A12: ２ 支 出 | AE12: 単位：円
B13: 費 目 | J13: 金 額 | Q13: 内 訳
Q14: ①国スポ選手 強化プロジェクト (選手強化費） | X14: ②トップチーム 活用事業 | AE14: ③ふるさと選手活動 支援プロジェクト
B15: １ 対象経費 | J15: =J16+J23+J25+J27+J29+J31 -> 2640309 | Q15: =Q16+Q23+Q25+Q27+Q29+Q31 -> 1886850 | X15: =X16+X23+X25+X27+X29 -> 0 | AN15: 交通費 | AO15: 宿泊費 | AP15: 雑費 | AQ15: 合計
C16: (1) 旅費 | J16: =SUM(J17:P22) -> 1779859 | Q16: =SUM(Q17:W22) -> 1026400 | X16: =SUM(X17:AD22) -> 0 | AE16: =SUM(AE17:AK22) -> 753459 | AM16: ① | AN16: 14110 | AP16: 15400 | AQ16: =SUM(AN16:AP16) -> 29510
D17: ① 交通費 | J17: =SUM(Q17:AK18) -> 1366669 | Q17: ='様式２－２－１ 事業別決算書（選手強化費）'!J16 -> 830550 | X17: ='様式２－２－１ 事業別決算書（トップチーム活用)'!J16 -> 0 | AE17: ='様式２－２－１ 事業別決算書（ふるさと）'!J16 -> 536119 | AM17: ② | AN17: 14110 | AP17: 15400 | AQ17: =SUM(AN17:AP17) -> 29510
AM18: ③ | AN18: 10455 | AP18: 15400 | AQ18: =SUM(AN18:AP18) -> 25855
D19: ② 宿泊費 | J19: =SUM(Q19:AK20) -> 104990 | Q19: ='様式２－２－１ 事業別決算書（選手強化費）'!J18 -> 81250 | X19: ='様式２－２－１ 事業別決算書（トップチーム活用)'!J18 -> 0 | AE19: ='様式２－２－１ 事業別決算書（ふるさと）'!J18 -> 23740 | AM19: ④ | AN19: 10895 | AP19: 15400 | AQ19: =SUM(AN19:AP19) -> 26295
AM20: ➄ | AN20: 93770 | AP20: 17600 | AQ20: =SUM(AN20:AP20) -> 111370
D21: ③ 旅行雑費 | J21: =SUM(Q21:AK22) -> 308200 | Q21: ='様式２－２－１ 事業別決算書（選手強化費）'!J20 -> 114600 | AE21: ='様式２－２－１ 事業別決算書（ふるさと）'!J20 -> 193600 | AM21: ⑥ | AN21: 8415 | AP21: 15400 | AQ21: =SUM(AN21:AP21) -> 23815
AM22: ⑦ | AN22: 144905 | AO22: 12500 | AP22: 22000 | AQ22: =SUM(AN22:AP22) -> 179405
C23: (2) 使用料賃借料 | J23: =SUM(Q23:AK24) -> 373450 | Q23: ='様式２－２－１ 事業別決算書（選手強化費）'!$J$24 -> 373450 | X23: ='様式２－２－１ 事業別決算書（トップチーム活用)'!J22 -> 0 | AM23: ⑧ | AN23: 69370 | AO23: 11240 | AP23: 19800 | AQ23: =SUM(AN23:AP23) -> 100410
AM24: ⑨ | AN24: 10895 | AP24: 15400 | AQ24: =SUM(AN24:AP24) -> 26295
C25: (3) 報償費 | J25: =SUM(Q25:AK26) -> 0 | Q25: ='様式２－２－１ 事業別決算書（選手強化費）'!$J$26 -> 0 | X25: ='様式２－２－１ 事業別決算書（トップチーム活用)'!J24 -> 0 | AM25: ⑩ | AQ25: =SUM(AN25:AP25) -> 0
AM26: ⑪ | AQ26: =SUM(AN26:AP26) -> 0
C27: (4) 需用費 | J27: =SUM(Q27:AK27) -> 487000 | Q27: ='様式２－２－１ 事業別決算書（選手強化費）'!$J$28 -> 487000 | X27: ='様式２－２－１ 事業別決算書（トップチーム活用)'!$J$28 -> 0 | AE27: ='様式２－２－１ 事業別決算書（ふるさと）'!J28 -> 0 | AM27: ⑫ | AQ27: =SUM(AN27:AP27) -> 0
AM28: ⑬ | AN28: 61628 | AP28: 17600 | AQ28: =SUM(AN28:AP28) -> 79228
C29: (5) 役務費 | J29: =SUM(Q29:AK30) -> 0 | Q29: ='様式２－２－１ 事業別決算書（選手強化費）'!$J$30 -> 0 | X29: ='様式２－２－１ 事業別決算書（トップチーム活用)'!$J$30 -> 0 | AE29: ='様式２－２－１ 事業別決算書（ふるさと）'!J30 -> 0 | AM29: ⑭ | AQ29: =SUM(AN29:AP29) -> 0
AM30: ⑮ | AN30: 7480 | AP30: 4400 | AQ30: =SUM(AN30:AP30) -> 11880
C31: (6) 駐車料金 | J31: =SUM(Q31:AK32) -> 0 | Q31: ='様式２－２－１ 事業別決算書（選手強化費）'!$J$22 -> 0 | AM31: ⑯ | AN31: 7480 | AP31: 4400 | AQ31: =SUM(AN31:AP31) -> 11880
AM32: ⑰ | AN32: 82606 | AP32: 15400 | AQ32: =SUM(AN32:AP32) -> 98006
B33: ２ 対象外経費 | J33: =SUM(Q33:AK34) -> 0 | Q33: ='様式２－２－１ 事業別決算書（選手強化費）'!$J$32 -> 0 | X33: ='様式２－２－１ 事業別決算書（トップチーム活用)'!$J$32 -> 0 | AE33: ='様式２－２－１ 事業別決算書（ふるさと）'!J32 -> 0
B35: 支出合計 | J35: =(J33)+(J15) -> 2640309 | AM35: 計 | AN35: =SUM(AN16:AN32) -> 536119 | AO35: =SUM(AO22:AO34) -> 23740 | AP35: =SUM(AP16:AP32) -> 193600 | AQ35: =SUM(AQ16:AQ33) -> 753459 | AR35: =SUM(AN35:AP35) -> 753459
Q36: ※ 各事業の収支決算書の数字がリンクします
A37: 【記入上の注意】
B38: １ 網掛け部分は対象外。金額欄は桁区切が入っているため、そのまま数値を入れること。
B39: ２ 補助金については、内示額を入力すること。
B40: ３ 県内外15,000円を超える宿泊費（消費税込）等、本会が定めた宿泊料金を超過する部分 は、補助対象外とする。
B41: ４ 旅行パック使用時の旅費については、対象経費の宿泊費を除いた金額を交通費にする。
B42: ※ 他の事業（国スポ派遣費、個人指定、女性アスリート、大学・社会人等）と領収書の重複がないようご注意ください。 ※ ポイント還元やキャンペーン等との併用はできませんのでご注意ください。

Sheet 様式２－２－１　事業別決算書（選手強化費）
A1: 様式２－２－１事業別決算書
E2: 令和 | H2: 7 | J2: 年度 | N2: ①国スポ選手強化プロジェクト・選手強化費補助金 収支決算書
A4: １ 収入 | AI4: 単位：円
B6: 科 目 | J6: 決算額 | O6: 内 訳
B7: １ 補 助 金 | J7: 1871541 | O7: 宮崎県スポーツ協会からの補助金 ①
B8: ２ 負 担 金 | J8: 15309 | O8: 競技団体負担金
B9: ３ そ の 他
B10: 合 計 | J10: =J7+J8+J9 -> 1886850
A12: ２ 支出 | AI12: 単位：円
B13: 科 目 | J13: 決算額 | O13: 内 訳
B14: １ 対 象 経 費 | J14: =J15+J22+J24+J30+J26+J28 -> 1886850 | O14: ②
C15: （１）旅 費 | J15: =SUM(J16:N21) -> 1026400
D16: ① 交 通 費 | J16: 830550 | O16: 成年男子 | S16: 830550 | Y16: 円 | AB16: 成年女子 | AL16: 円
O17: 少年男子 | Y17: 円 | AB17: 少年女子 | AL17: 円
D18: ② 宿 泊 費 | J18: 81250 | O18: 成年男子 | S18: 81250 | Y18: 円 | AB18: 成年女子 | AL18: 円
O19: 少年男子 | Y19: 円 | AB19: 少年女子 | AL19: 円
D20: ③ 旅行雑費 | J20: 114600 | O20: 成年男子 | S20: 114600 | Y20: 円 | AB20: 成年女子 | AL20: 円
O21: 少年男子 | Y21: 円 | AB21: 少年女子 | AL21: 円
C22: （３）駐車料金 | O22: 成年男子 | Y22: 円 | AB22: 成年女子 | AL22: 円
O23: 少年男子 | Y23: 円 | AB23: 少年女子 | AL23: 円
C24: （４）借 用 料 | J24: 373450 | O24: 成年男子 | S24: 373450 | Y24: 円 | AB24: 成年女子 | AL24: 円
C25: ※会場使用料等 | O25: 少年男子 | Y25: 円 | AB25: 少年女子 | AL25: 円
C26: （５）報 償 費 | O26: 成年男子 | Y26: 円 | AB26: 成年女子 | AL26: 円
C27: ※競技団体所属外の指導者 | O27: 少年男子 | Y27: 円 | AB27: 少年女子 | AL27: 円
C28: （６）需 用 費 | J28: 487000 | O28: 成年男子 | S28: 487000 | Y28: 円 | AB28: 成年女子 | AL28: 円
C29: ※競技用消耗品等 | O29: 少年男子 | Y29: 円 | AB29: 少年女子 | AL29: 円
C30: （７）役 務 費 | O30: 成年男子 | Y30: 円 | AB30: 成年女子 | AL30: 円
C31: 振込手数料のみ | O31: 少年男子 | Y31: 円 | AB31: 少年女子 | AL31: 円
B32: ２ 対 象 外 経 費 | O32: 成年男子 | Y32: 円 | AB32: 成年女子 | AL32: 円
O33: 少年男子 | Y33: 円 | AB33: 少年女子 | AL33: 円
B34: 支 出 合 計 | J34: =(J32)+(J14) -> 1399850
A35: ３ 差引額
D36: 補助金① | J36: =J7 -> 1871541 | O36: － | P36: 対象経費② | T36: =J14 -> 1886850 | Y36: ＝ | Z36: 差引額 | AC36: =J36-T36 -> -15309
B37: ※差引額がマイナスの場合は、戻入不要。
B39: ※ 記入上の注意
B40: １ 補助金については、内示額であり，種別毎に内示したものの合計額になる。
B41: ２ 対象外経費 県内外15,000円を超える宿泊費（消費税込）、弁当代等
B42: 本会が定めた宿泊料金を超過する部分は、補助対象外とする。
B43: ３ 旅行パック使用時の旅費記入については、対象経費の宿泊費額を除いた金額を交通費にする。
B44: ※ 他の事業（国スポ派遣費、個人指定、女性アスリート、大学・社会人等）と領収書の重複がないようご注意ください。 ※ ポイント還元やキャンペーン等との併用はできませんのでご注意ください。

Sheet 様式２－２－１　事業別決算書（トップチーム活用)
A1: 様式２－２－１事業別決算書
E3: 令和 | H3: 7 | J3: 年度 | N3: ②トップチーム活用事業補助金 収支決算書
A5: １ 収 入 | AI5: 単位：円
B6: 費 目 | J6: 金 額 | O6: 内 訳
B7: １ 補助金 | J7: 0 | O7: 宮崎県スポーツ協会からの補助金
B8: ２ 負担金 | J8: 0 | O8: 競技団体負担金
B9: ３ その他 | J9: 0
B10: 収入合計 | J10: =SUM(J7:N9) -> 0
A12: ２ 支 出 | AI12: 単位：円
B13: 費 目 | J13: 金 額 | O13: 内 訳
B14: １ 対象経費 | J14: =J15+J28+J30+J22+J24 -> 0 | O14: (1)＋(5)＋(6)
C15: (1) 旅費 | J15: =SUM(J16:N19) -> 0 | O15: ①＋②＋③
D16: ① 交通費
D18: ② 宿泊費
D20: ③ 旅行雑費
C22: (2) 使用料賃借料
C24: (3) 報償費
C26: (4) 食糧費
C28: (5) 需用費
C30: (6) 役務費
B32: ２ 対象外経費
B34: 支出合計 | J34: =(J32)+(J14) -> 0 | O34: １＋２
A36: ３ 差引額 | H36: 1補助金 | L36: =(J7) -> 0 | Q36: － | S36: １対象経費 | W36: =(J14) -> 0 | AB36: ＝ | AD36: 差引額 | AG36: =(L36)-(W36) -> 0
B37: ※ 差引額がマイナスになる場合は、戻入不要。
A38: 【記入上の注意】
B39: １ 網掛け部分は対象外。金額欄は桁区切が入っているため、そのまま数値を入れること。
B40: ２ 補助金については、内示額を入力すること。
B41: ３ 県内外15,000円を超える宿泊費（消費税込）等、本会が定めた宿泊料金を超過する部分は、 補助対象外とする。
B42: ４ 旅行パック使用時の旅費については、対象経費の宿泊費を除いた金額を交通費にする。
B43: ※ 他の事業（国スポ派遣費、個人指定、女性アスリート、大学・社会人等）と領収書の重複が ないようご注意ください。 ※ ポイント還元やキャンペーン等との併用はできませんのでご注意ください。

Sheet 様式２－２－１　事業別決算書（ふるさと）
A1: 様式２－２－１事業別決算書
E3: 令和 | H3: 7 | J3: 年度 | N3: ③ふるさと選手活動支援プロジェクト補助金 収支決算書
A5: １ 収 入 | AI5: 単位：円
B6: 費 目 | J6: 金 額 | O6: 内 訳
B7: １ 補助金 | J7: 605000 | O7: 宮崎県スポーツ協会からの補助金 ※対象者：男(13) 女(0)
B8: ２ 負担金 | J8: 0 | O8: 競技団体負担金
B9: ３ その他 | J9: 0
B10: 収入合計 | J10: =SUM(J7:N9) -> 605000
A12: ２ 支 出 | AI12: 単位：円
B13: 費 目 | J13: 金 額 | O13: 内 訳
B14: １ 対象経費 | J14: =J15+J28+J30 -> 753459 | O14: (1)＋(5)＋(6)
C15: (1) 旅費 | J15: =SUM(J16:N21) -> 753459 | O15: ①＋②＋③
D16: ① 交通費 | J16: 536119 | O16: 【5/24】14,110円【6/14】14,110円【8/24】10,455円【9/13】10,895円【9/27】93,770円【10/4】8,415円【10/25】144,905円【11/8】69,370円【11/22】10,895円【1/24】61,628円【2/7】7,480円【2/21】7,480円【2/28】82,606円
D18: ② 宿泊費 | J18: 23740 | O18: 6,250円×２回＋5,620円×２回
D20: ③ 旅行雑費 | J20: 193600 | O20: 4,400×2回＋15,400円×7回＋17,600円×2回＋19,800円＋22,000円
C22: (2) 使用料賃借料
C24: (3) 報償費
C26: (4) 食糧費
C28: (5) 需用費
C30: (6) 役務費
B32: ２ 対象外経費
B34: 支出合計 | J34: =(J32)+(J14) -> 753459 | O34: １＋２
A36: ３ 差引額 | H36: 1補助金 | L36: =(J7) -> 605000 | Q36: － | S36: １対象経費 | W36: =(J14) -> 753459 | AB36: ＝ | AD36: 差引額 | AG36: =(L36)-(W36) -> -148459
B37: ※ 差引額がマイナスになる場合は、戻入不要。
A38: 【記入上の注意】
B39: １ 網掛け部分は対象外。金額欄は桁区切が入っているため、そのまま数値を入れること。
B40: ２ 補助金については、内示額を入力すること。
B41: ３ 県内外15,000円を超える宿泊費（消費税込）等、本会が定めた宿泊料金を超過する部分は、 補助対象外とする。
B42: ４ 旅行パック使用時の旅費については、対象経費の宿泊費を除いた金額を交通費にする。
B43: ※ 他の事業（国スポ派遣費、個人指定、女性アスリート、大学・社会人等）と領収書の重複が ないようご注意ください。 ※ ポイント還元やキャンペーン等との併用はできませんのでご注意ください。

Sheet 様式２－３
A1: 様式２－３ | V1: （ アイスホッケー ）競技
C3: 変 更 実 績 報 告 書
M4: ※内示額より変更の場合のみ提出
A5: ①選手強化費内での種別間変更
B6: 種 別 | K6: 内 示 額 | T6: 移 動 額 | AC6: 種 別(移動先)
B13: 例）少年男子 | K13: 1,230,000円 | T13: 230,000円 | AC13: 成年男子
A15: ①選手強化費 ②トップチーム活用事業 ③ふるさと選手活動支援での変更
B16: 補助金名 | K16: 内 示 額 | T16: 移 動 額 | AC16: 補助金名(移動先)
B17: 選手強化 | K17: 2020000 | T17: 145239 | AC17: ふるさと選手 | AM17: 1781400 | AO17: 605000
AM18: 238600 | AO18: 729719
AM19: =SUM(AM17:AM18) -> 2020000 | AO19: =AO18-AO17 -> 124719
B21: 例）①選手強化費 | K21: 1,057,900円 | T21: 300,000円 | AC21: ②トップチーム活用事業
A23: 補助額変更後
B24: ①選手強化費 | K24: 内 示 額 | T24: 移 動 後 の 総 額 | AC24: 総 額（合計）
B25: 成年男子 | K25: 2020000 | L25: =SUM(L23:L24) -> 0 | M25: =SUM(M23:M24) -> 0 | N25: =SUM(N23:N24) -> 0 | O25: =SUM(O23:O24) -> 0 | P25: =SUM(P23:P24) -> 0 | Q25: =SUM(Q23:Q24) -> 0 | R25: =SUM(R23:R24) -> 0 | S25: =SUM(S23:S24) -> 0 | T25: 1874761 | AC25: 1874761
B26: 成年女子
B27: 少年男子
B28: 少年女子
B29: ②トップチーム活用事業 | K29: 内 示 額 | T29: 移 動 後 の 総 額 | AC29: 総 額（合計）
B30: 例）少年男子
B31: 例）少年女子
B32: ③ふるさと選手活動支援 | K32: 内 示 額 | T32: 移 動 後 の 総 額 | AC32: 総 額（合計）合計
B33: 成年男子 | K33: 605000 | T33: 750239 | AC33: 750239
B34: ※種別等の記入は競技団体の実態に合わせて御記入ください。

Sheet 様式２－４①②事業実施・実績報告書（選手強化費）
A1: 様式２－４①②事業実施・実績報告書
A2: 令和 ７年度 国スポ選手強化プロジェクト（①選手強化費）事業実施報告書
A4: （ アイスホッケー ）競技
A7: 事 業 名 | D7: 強化練習 ・ 遠征試合 | U7: 強化練習 ・ 遠征試合
D10: （該当するものを○で囲む） | U10: （該当するものを○で囲む）
A11: 種 別 | D11: 成年男子 ・ 成年女子 少年男子 ・ 少年女子 | U11: 成年男子 ・ 成年女子 少年男子 ・ 少年女子
D14: （該当するものを○で囲む） | U14: （該当するものを○で囲む）
A15: 期 日 | D15: 令和 ７年 ５月２４日（土） | U15: 令和 ７年 ６月１４日（土）
A16: 場所 | B16: 会 場 | D16: 福岡オービジョンアリーナ | U16: 福岡オービジョンアリーナ
B17: 宿舎名 | D17: 宿泊なし | U17: 宿泊なし
A18: 参 加 人 員 | D18: 指導者 | G18: 0 | I18: 名 | K18: 選手 | M18: 3 | O18: 名 | U18: 指導者 | X18: 1 | Z18: 名 | AB18: 選手 | AD18: 3 | AF18: 名
Q19: 計 | R19: 3 | T19: 名 | AH19: 計 | AI19: =IF(OR(X18="",AD18=""),"",SUM(X18,AD18)) -> 4 | AK19: 名
A20: 支 出 の 内 訳 | B20: 科 目 | D20: 金 額 | H20: 内 訳 | U20: 金 額 | Y20: 内 訳
B21: 交 通 費 | D21: 61700 | U21: 76540
B22: 宿 泊 費 | L22: 円 | M22: × | P22: 名 | Q22: × | T22: 泊 | U22: =IF(OR(Z22="",AE22="",AI22=""),"",(Z22*AE22*AI22)) | AC22: 円 | AD22: × | AG22: 名 | AH22: × | AK22: 泊
B23: 旅行雑費 | D23: 6600 | I23: 1100 | L23: 円 | M23: × | N23: 3 | P23: 名 | Q23: × | R23: 2 | T23: 日 | U23: 8800 | Z23: 1100 | AC23: 円 | AD23: × | AE23: 4 | AG23: 名 | AH23: × | AI23: 2 | AK23: 日
B24: 駐 車 料 | U24: =IF(OR(Z24="",AE24="",AI24=""),"",(Z24*AE24*AI24))
B25: 借 用 料 | D25: 15750 | L25: 円 | M25: × | P25: 日 | U25: 26750 | AC25: 円 | AD25: × | AG25: 日
B26: 需 用 費 | U26: =IF(OR(Z26="",AF26=""),"",(Z26*AF26))
B27: 役 務 費
B28: そ の 他
B34: 計 | D34: =SUM(D21:G33) -> 84050 | U34: =SUM(U21:X33) -> 112090
A35: 日程及び内容 | D35: 21:15～ 大分選抜との練習試合 （ １ 対 ９ ） 23:00 終了 | U35: 21:15～ 九州大学との練習試合 （ ２ 対 ４ ） 23:00 終了
A41: 事業の成果 | D41: 技術力・チーム連携の向上 | U41: 技術力・チーム連携の向上
A47: 記入責任者氏名（ 齋藤 和明 ） 電話番号（ 090-5288-9928 ）

Sheet 様式２－４③④事業実施・実績報告（選手強化）
A1: 様式２－４③④事業実施・実績報告書
A2: 令和 ７年度 国スポ選手強化プロジェクト（①選手強化費）事業実施報告書
A4: （ アイスホッケー ）競技
A7: 事 業 名 | D7: 強化練習 ・ 遠征試合 | U7: 強化練習 ・ 遠征試合
D10: （該当するものを○で囲む） | U10: （該当するものを○で囲む）
A11: 種 別 | D11: 成年男子 ・ 成年女子 少年男子 ・ 少年女子 | U11: 成年男子 ・ 成年女子 少年男子 ・ 少年女子
D14: （該当するものを○で囲む） | U14: （該当するものを○で囲む）
A15: 期 日 | D15: 令和 ７年 ８月２３日（土） | U15: 令和 ７年 ９月１３（土）
A16: 場所 | B16: 会 場 | D16: スポガ久留米 | U16: スポガ久留米
B17: 宿舎名 | D17: 宿泊なし | U17: 宿伯なし
A18: 参 加 人 員 | G18: 1 | I18: 名 | K18: 選手 | M18: 3 | O18: 名 | U18: 指導者 | X18: 1 | Z18: 名 | AB18: 選手 | AD18: 3 | AF18: 名
Q19: 計 | R19: =IF(OR(G18="",M18=""),"",SUM(G18,M18)) -> 4 | T19: 名 | AH19: 計 | AI19: =IF(OR(X18="",AD18=""),"",SUM(X18,AD18)) -> 4 | AK19: 名
A20: 支 出 の 内 訳 | B20: 科 目 | D20: 金 額 | H20: 内 訳 | U20: 金 額 | Y20: 内 訳
B21: 交 通 費 | D21: 67630 | U21: 72700
B22: 宿 泊 費 | L22: 円 | M22: × | P22: 名 | Q22: × | T22: 泊 | U22: =IF(OR(Z22="",AE22="",AI22=""),"",(Z22*AE22*AI22)) | AC22: 円 | AD22: × | AG22: 名 | AH22: × | AK22: 泊
B23: 旅行雑費 | D23: 8800 | I23: 1100 | L23: 円 | M23: × | N23: 4 | P23: 名 | Q23: × | R23: 2 | T23: 日 | U23: 8800 | Z23: 1100 | AC23: 円 | AD23: × | AE23: 4 | AG23: 名 | AH23: × | AI23: 2 | AK23: 日
B24: 駐 車 料 | U24: =IF(OR(Z24="",AE24="",AI24=""),"",(Z24*AE24*AI24))
B25: 借 用 料 | D25: 36000 | L25: 円 | M25: × | P25: 日 | U25: 15000 | AC25: 円 | AD25: × | AG25: 日
B26: 需 用 費 | U26: =IF(OR(Z26="",AF26=""),"",(Z26*AF26))
B27: 役 務 費
B28: そ の 他
B34: 計 | D34: =SUM(D21:G33) -> 112430 | U34: =SUM(U21:X33) -> 96500
A35: 日程及び内容 | D35: 22:15～23:45 遠征試合 〇宮崎県選抜 対 鹿児島県選抜 ８ ２ | U35: 22:15～23:45 強化練習 参加：宮崎県選抜、鹿児島県選抜 久留米クラブ
A41: 事業の成果 | D41: 技術力・チーム連携の向上 | U41: 技術力・チーム連携の向上
A47: 記入責任者氏名（ 齋藤 和明 ） 電話番号（ 090-5288-9928 ）

Sheet 様式２－４➄⑥事業実施・実績報告（選手強化）
A1: 様式２－➄⑥事業実施・実績報告書
A2: 令和 ７年度 国スポ選手強化プロジェクト（①選手強化費）事業実施報告書
A4: （ アイスホッケー ）競技
A7: 事 業 名 | D7: 強化練習 ・ 遠征試合 | U7: 強化練習 ・ 遠征試合
D10: （該当するものを○で囲む） | U10: （該当するものを○で囲む）
A11: 種 別 | D11: 成年男子 ・ 成年女子 少年男子 ・ 少年女子 | U11: 成年男子 ・ 成年女子 少年男子 ・ 少年女子
D14: （該当するものを○で囲む） | U14: （該当するものを○で囲む）
A15: 期 日 | D15: 令和 ７年 ９月２７日（土） | U15: 令和 ７年１０月 ４（土）
A16: 場所 | B16: 会 場 | D16: 福岡オービジョンアリーナ | U16: スポガ久留米
B17: 宿舎名 | D17: 宿泊なし | U17: 宿泊なし
A18: 参 加 人 員 | D18: 指導者 | G18: 2 | I18: 名 | K18: 選手 | M18: 2 | O18: 名 | U18: 指導者 | X18: 1 | Z18: 名 | AB18: 選手 | AD18: 1 | AF18: 名
Q19: 計 | R19: =IF(OR(G18="",M18=""),"",SUM(G18,M18)) -> 4 | T19: 名 | AH19: 計 | AI19: =IF(OR(X18="",AD18=""),"",SUM(X18,AD18)) -> 2 | AK19: 名
A20: 支 出 の 内 訳 | B20: 科 目 | D20: 金 額 | H20: 内 訳 | U20: 金 額 | Y20: 内 訳
B21: 交 通 費 | D21: 76880 | U21: 33700
B22: 宿 泊 費 | L22: 円 | M22: × | P22: 名 | Q22: × | T22: 泊 | U22: =IF(OR(Z22="",AE22="",AI22=""),"",(Z22*AE22*AI22)) | AC22: 円 | AD22: × | AG22: 名 | AH22: × | AK22: 泊
B23: 旅行雑費 | D23: 8800 | I23: 1100 | L23: 円 | M23: × | N23: 4 | P23: 名 | Q23: × | R23: 2 | T23: 日 | U23: 4400 | Z23: 1100 | AC23: 円 | AD23: × | AE23: 2 | AG23: 名 | AH23: × | AI23: 2 | AK23: 日
B24: 駐 車 料 | U24: =IF(OR(Z24="",AE24="",AI24=""),"",(Z24*AE24*AI24))
B25: 借 用 料 | D25: 29200 | L25: 円 | M25: × | P25: 日 | U25: 15000 | AC25: 円 | AD25: × | AG25: 日
B26: 需 用 費 | U26: =IF(OR(Z26="",AF26=""),"",(Z26*AF26))
B27: 役 務 費
B28: そ の 他
B34: 計 | D34: =SUM(D21:G33) -> 114880 | U34: =SUM(U21:X33) -> 53100
A35: 日程及び内容 | D35: 23:00～24:30 練習試合 ●宮崎県選抜 対 福岡ブルーインズ ７ ８ | U35: 22:15～23:45 強化練習 参加：宮崎県選抜・鹿児島県選抜 久留米クラブ
A41: 事業の成果 | D41: 技術力・チーム連携の向上 | U41: 技術力・チーム連携の向上
A47: 記入責任者氏名（ 齋藤 和明 ） 電話番号（ 090-5288-9928 ）

Sheet 様式２－４⑦⑧事業実施・実績報告（選手強化）
A1: 様式２－⑦⑧事業実施・実績報告書
A2: 令和 ７年度 国スポ選手強化プロジェクト（①選手強化費）事業実施報告書
A4: （ アイスホッケー ）競技
A7: 事 業 名 | D7: 強化練習 ・ 遠征試合 | U7: 強化練習 ・ 遠征試合
D10: （該当するものを○で囲む） | U10: （該当するものを○で囲む）
A11: 種 別 | D11: 成年男子 ・ 成年女子 少年男子 ・ 少年女子 | U11: 成年男子 ・ 成年女子 少年男子 ・ 少年女子
D14: （該当するものを○で囲む） | U14: （該当するものを○で囲む）
A15: 期 日 | D15: 令和 ７年１０月２５日（土） | U15: 令和 ７年１１月 ８日（土）
A16: 場所 | B16: 会 場 | D16: スポガ久留米 | U16: 福岡オービジョンアリーナ
B17: 宿舎名 | D17: 宿泊なし | U17: 宿泊なし
A18: 参 加 人 員 | D18: 指導者 | G18: 1 | I18: 名 | K18: 選手 | M18: 2 | O18: 名 | U18: 指導者 | X18: 1 | Z18: 名 | AB18: 選手 | AD18: 3 | AF18: 名
Q19: 計 | R19: =IF(OR(G18="",M18=""),"",SUM(G18,M18)) -> 3 | T19: 名 | AH19: 計 | AI19: =IF(OR(X18="",AD18=""),"",SUM(X18,AD18)) -> 4 | AK19: 名
A20: 支 出 の 内 訳 | B20: 科 目 | D20: 金 額 | H20: 内 訳 | U20: 金 額 | Y20: 内 訳
B21: 交 通 費 | D21: 51000 | U21: 67960
B22: 宿 泊 費 | L22: 円 | M22: × | P22: 名 | Q22: × | T22: 泊 | AC22: 円 | AD22: × | AG22: 名 | AH22: × | AK22: 泊
B23: 旅行雑費 | D23: 6600 | I23: 1100 | L23: 円 | M23: × | N23: 3 | P23: 名 | Q23: × | R23: 2 | T23: 日 | U23: 8800 | Z23: 1100 | AC23: 円 | AD23: × | AE23: 4 | AG23: 名 | AH23: × | AI23: 2 | AK23: 日
B24: 駐 車 料 | U24: =IF(OR(Z24="",AE24="",AI24=""),"",(Z24*AE24*AI24))
B25: 借 用 料 | D25: 15000 | L25: 円 | M25: × | P25: 日 | U25: 10000 | AC25: 円 | AD25: × | AG25: 日
B26: 需 用 費 | U26: =IF(OR(Z26="",AF26=""),"",(Z26*AF26))
B27: 役 務 費
B28: そ の 他
B34: 計 | D34: =SUM(D21:G33) -> 72600 | U34: =SUM(U21:X33) -> 86760
A35: 日程及び内容 | D35: 22:15～23:45 宮崎県選抜と鹿児島県選抜の合同練習 | U35: 23:00～24:30 練習試合 宮崎県選抜 ４ 対 ７ 福岡県選抜
A41: 事業の成果 | D41: 技術力・チーム連携の向上 | U41: 技術力・チーム連携の向上
A47: 記入責任者氏名（ 齋藤 和明 ） 電話番号（ 090-5288-9928 ）

Sheet 様式２－４⑨⑩事業実施・実績報告（選手強化）
A1: 様式２－⑨⑩事業実施・実績報告書
A2: 令和 ７年度 国スポ選手強化プロジェクト（①選手強化費）事業実施報告書
A4: （ アイスホッケー ）競技
A7: 事 業 名 | D7: 強化練習 ・ 遠征試合 | U7: 強化練習 ・ 遠征試合
D10: （該当するものを○で囲む） | U10: （該当するものを○で囲む）
A11: 種 別 | D11: 成年男子 ・ 成年女子 少年男子 ・ 少年女子 | U11: 成年男子 ・ 成年女子 少年男子 ・ 少年女子
D14: （該当するものを○で囲む） | U14: （該当するものを○で囲む）
A15: 期 日 | D15: 令和 ７年１１月２２日（土） | U15: 令和 ７年１２月２７（土）
A16: 場所 | B16: 会 場 | D16: スポガ久留米 | U16: スポガ久留米
B17: 宿舎名 | D17: 宿泊なし | U17: 宿泊なし
A18: 参 加 人 員 | D18: 指導者 | G18: 1 | I18: 名 | K18: 選手 | M18: 3 | O18: 名 | U18: 指導者 | X18: 0 | Z18: 名 | AB18: 選手 | AD18: 1 | AF18: 名
Q19: 計 | R19: =IF(OR(G18="",M18=""),"",SUM(G18,M18)) -> 4 | T19: 名 | AH19: 計 | AI19: =IF(OR(X18="",AD18=""),"",SUM(X18,AD18)) -> 1 | AK19: 名
A20: 支 出 の 内 訳 | B20: 科 目 | D20: 金 額 | H20: 内 訳 | U20: 金 額 | Y20: 内 訳
B21: 交 通 費 | D21: 74640 | U21: 20120
B22: 宿 泊 費 | L22: 円 | M22: × | P22: 名 | Q22: × | T22: 泊 | U22: =IF(OR(Z22="",AE22="",AI22=""),"",(Z22*AE22*AI22)) | AC22: 円 | AD22: × | AG22: 名 | AH22: × | AK22: 泊
B23: 旅行雑費 | D23: 8800 | I23: 1100 | L23: 円 | M23: × | N23: 4 | P23: 名 | Q23: × | R23: 2 | T23: 日 | U23: 2200 | Z23: 1100 | AC23: 円 | AD23: × | AE23: 1 | AG23: 名 | AH23: × | AI23: 2 | AK23: 日
B24: 駐 車 料 | U24: =IF(OR(Z24="",AE24="",AI24=""),"",(Z24*AE24*AI24))
B25: 借 用 料 | D25: 15000 | L25: 円 | M25: × | P25: 日 | U25: 2000 | AC25: 円 | AD25: × | AG25: 日
B26: 需 用 費 | U26: =IF(OR(Z26="",AF26=""),"",(Z26*AF26))
B27: 役 務 費
B28: そ の 他
B34: 計 | D34: =SUM(D21:G33) -> 98440 | U34: =SUM(U21:X33) -> 24320
A35: 日程及び内容 | D35: 22:15～23:45 宮崎選抜 ８対１ 鹿児島・久留米ｸﾗﾌﾞ | U35: 22:15～23:45 宮崎県選抜と鹿児島県選抜の合同練習
A41: 事業の成果 | D41: 技術力・チーム連携の向上 | U41: 技術力・チーム連携の向上
A47: 記入責任者氏名（ 齋藤 和明 ） 電話番号（ 090-5288-9928 ）

Sheet 様式２－４⑪⑫事業実施・実績報告（選手強化）
A1: 様式２－⑪⑫事業実施・実績報告書
A2: 令和 ７年度 国スポ選手強化プロジェクト（①選手強化費）事業実施報告書
A4: （ アイスホッケー ）競技
A7: 事 業 名 | D7: 強化練習 ・ 遠征試合 | U7: 強化練習 ・ 遠征試合
D10: （該当するものを○で囲む） | U10: （該当するものを○で囲む）
A11: 種 別 | D11: 成年男子 ・ 成年女子 少年男子 ・ 少年女子 | U11: 成年男子 ・ 成年女子 少年男子 ・ 少年女子
D14: （該当するものを○で囲む） | U14: （該当するものを○で囲む）
A15: 期 日 | D15: 令和 ８年 １月１０日（土） | U15: 令和 ８年 １月１７日（土）
A16: 場所 | B16: 会 場 | D16: えびの高原スケート場 | U16: スポガ久留米
B17: 宿舎名 | D17: 宿泊なし | U17: 宿泊なし
A18: 参 加 人 員 | D18: 指導者 | G18: 0 | I18: 名 | K18: 選手 | M18: 1 | O18: 名 | U18: 指導者 | X18: 0 | Z18: 名 | AB18: 選手 | AD18: 1 | AF18: 名
Q19: 計 | R19: =IF(OR(G18="",M18=""),"",SUM(G18,M18)) -> 1 | T19: 名 | AH19: 計 | AI19: =IF(OR(X18="",AD18=""),"",SUM(X18,AD18)) -> 1 | AK19: 名
A20: 支 出 の 内 訳 | B20: 科 目 | D20: 金 額 | H20: 内 訳 | U20: 金 額 | Y20: 内 訳
B21: 交 通 費 | D21: 4310 | U21: 17170
B22: 宿 泊 費 | L22: 円 | M22: × | P22: 名 | Q22: × | T22: 泊 | U22: =IF(OR(Z22="",AE22="",AI22=""),"",(Z22*AE22*AI22)) | AC22: 円 | AD22: × | AG22: 名 | AH22: × | AK22: 泊
B23: 旅行雑費 | D23: 200 | I23: 200 | L23: 円 | M23: × | N23: 1 | P23: 名 | Q23: × | R23: 1 | T23: 日 | U23: 2200 | Z23: 1100 | AC23: 円 | AD23: × | AE23: 1 | AG23: 名 | AH23: × | AI23: 2 | AK23: 日
B24: 駐 車 料 | U24: =IF(OR(Z24="",AE24="",AI24=""),"",(Z24*AE24*AI24))
B25: 借 用 料 | D25: 41000 | L25: 円 | M25: × | P25: 日 | U25: 2000 | AC25: 円 | AD25: × | AG25: 日
B26: 需 用 費 | U26: =IF(OR(Z26="",AF26=""),"",(Z26*AF26))
B27: 役 務 費
B28: そ の 他
B34: 計 | D34: =SUM(D21:G33) -> 45510 | U34: =SUM(U21:X33) -> 21370
A35: 日程及び内容 | D35: スケート場主催のスケート教室参加 | U35: 22:15～23:45 宮崎県選抜と鹿児島県選抜の合同練習
A41: 事業の成果 | D41: 基礎体力・技術力の向上 | U41: 技術力・チーム連携の向上
A47: 記入責任者氏名（ 齋藤 和明 ） 電話番号（ 090-5288-9928 ）

Sheet 様式２－４⑬⑭事業実施・実績報告（選手強化）
A1: 様式２－⑬⑭事業実施・実績報告書
A2: 令和 ７年度 国スポ選手強化プロジェクト（①選手強化費）事業実施報告書
A4: （ アイスホッケー ）競技
A7: 事 業 名 | D7: 強化練習 ・ 遠征試合 | U7: 強化練習 ・ 遠征試合
D10: （該当するものを○で囲む） | U10: （該当するものを○で囲む）
A11: 種 別 | D11: 成年男子 ・ 成年女子 少年男子 ・ 少年女子 | U11: 成年男子 ・ 成年女子 少年男子 ・ 少年女子
D14: （該当するものを○で囲む） | U14: （該当するものを○で囲む）
A15: 期 日 | D15: 令和 ８年 １月２４日（土）～２５日（日） | U15: 令和 ８年 １月３０日（金）
A16: 場所 | B16: 会 場 | D16: オービジョンアリーナ | U16: オービジョンアリーナ
B17: 宿舎名 | D17: ホテルＡＺ金隈 | U17: 宿泊なし
A18: 参 加 人 員 | D18: 指導者 | G18: 1 | I18: 名 | K18: 選手 | M18: 9 | O18: 名 | U18: 指導者 | X18: 0 | Z18: 名 | AB18: 選手 | AD18: 1 | AF18: 名
Q19: 計 | R19: =IF(OR(G18="",M18=""),"",SUM(G18,M18)) -> 10 | T19: 名 | AH19: 計 | AI19: =IF(OR(X18="",AD18=""),"",SUM(X18,AD18)) -> 1 | AK19: 名
A20: 支 出 の 内 訳 | B20: 科 目 | D20: 金 額 | H20: 内 訳 | U20: 金 額 | Y20: 内 訳
B21: 交 通 費 | D21: 95810 | U21: 20860
B22: 宿 泊 費 | D22: 62500 | I22: 6250 | L22: 円 | M22: × | N22: 10 | P22: 名 | Q22: × | R22: 1 | T22: 泊 | AC22: 円 | AD22: × | AG22: 名 | AH22: × | AK22: 泊
B23: 旅行雑費 | D23: 22000 | I23: 1100 | L23: 円 | M23: × | N23: 10 | P23: 名 | Q23: × | R23: 2 | T23: 日 | U23: =IF(OR(Z23="",AE23="",AI23=""),"",(Z23*AE23*AI23)) -> 2200 | Z23: 1100 | AC23: 円 | AD23: × | AE23: 1 | AG23: 名 | AH23: × | AI23: 2 | AK23: 日
B24: 駐 車 料 | U24: =IF(OR(Z24="",AE24="",AI24=""),"",(Z24*AE24*AI24))
B25: 借 用 料 | D25: 32000 | L25: 円 | M25: × | P25: 日 | U25: =IF(OR(Z25="",AF25=""),"",(Z25*AF25)) | AC25: 円 | AD25: × | AG25: 日
B26: 需 用 費 | U26: =IF(OR(Z26="",AF26=""),"",(Z26*AF26))
B27: 役 務 費
B28: そ の 他
B34: 計 | D34: =SUM(D21:G33) -> 212310 | U34: =SUM(U21:X33) -> 23060
A35: 日程及び内容 | D35: （１）１月２４日（土）19:30～21:00 福岡選抜 ７対３ 宮崎選抜 （２）１月２５日（日）7:00～8:30 単独練習 | U35: 24:30～26:00 西南学院大学の練習参加
A41: 事業の成果 | D41: 技術力・チーム連携の向上 | U41: 技術力・チーム連携の向上
A47: 記入責任者氏名（ 齋藤 和明 ） 電話番号（ 090-5288-9928 ）

Sheet 様式２－４⑮⑯事業実施・実績報告（選手強化）
A1: 様式２－⑮⑯事業実施・実績報告書
A2: 令和 ７年度 国スポ選手強化プロジェクト（①選手強化費）事業実施報告書
A4: （ アイスホッケー ）競技
A7: 事 業 名 | D7: 強化練習 ・ 遠征試合 | U7: 強化練習 ・ 遠征試合
D10: （該当するものを○で囲む） | U10: （該当するものを○で囲む）
A11: 種 別 | D11: 成年男子 ・ 成年女子 少年男子 ・ 少年女子 | U11: 成年男子 ・ 成年女子 少年男子 ・ 少年女子
D14: （該当するものを○で囲む） | U14: （該当するものを○で囲む）
A15: 期 日 | D15: 令和 ８年 ２月７日（土） | U15: 令和 ８年 ２月２１日（土）
A16: 場所 | B16: 会 場 | D16: 熊本アクアドーム | U16: 熊本アクアドーム
B17: 宿舎名 | D17: 宿泊なし | U17: 宿泊なし
A18: 参 加 人 員 | D18: 指導者 | G18: 0 | I18: 名 | K18: 選手 | M18: 2 | O18: 名 | U18: 指導者 | X18: 0 | Z18: 名 | AB18: 選手 | AD18: 2 | AF18: 名
Q19: 計 | R19: =IF(OR(G18="",M18=""),"",SUM(G18,M18)) -> 2 | T19: 名 | AH19: 計 | AI19: =IF(OR(X18="",AD18=""),"",SUM(X18,AD18)) -> 2 | AK19: 名
A20: 支 出 の 内 訳 | B20: 科 目 | D20: 金 額 | H20: 内 訳 | U20: 金 額 | Y20: 内 訳
B21: 交 通 費 | D21: 23360 | U21: 26710
B22: 宿 泊 費 | L22: 円 | M22: × | P22: 名 | Q22: × | T22: 泊 | U22: =IF(OR(Z22="",AE22="",AI22=""),"",(Z22*AE22*AI22)) | AC22: 円 | AD22: × | AG22: 名 | AH22: × | AK22: 泊
B23: 旅行雑費 | D23: 4400 | I23: 1100 | L23: 円 | M23: × | N23: 2 | P23: 名 | Q23: × | R23: 2 | T23: 日 | U23: =IF(OR(Z23="",AE23="",AI23=""),"",(Z23*AE23*AI23)) -> 4400 | Z23: 1100 | AC23: 円 | AD23: × | AE23: 2 | AG23: 名 | AH23: × | AI23: 2 | AK23: 日
B24: 駐 車 料 | U24: =IF(OR(Z24="",AE24="",AI24=""),"",(Z24*AE24*AI24))
B25: 借 用 料 | L25: 円 | M25: × | P25: 日 | U25: 35750 | AC25: 円 | AD25: × | AG25: 日
B26: 需 用 費 | U26: =IF(OR(Z26="",AF26=""),"",(Z26*AF26))
B27: 役 務 費
B28: そ の 他
B34: 計 | D34: =SUM(D21:G33) -> 27760 | U34: =SUM(U21:X33) -> 66860
A35: 日程及び内容 | D35: 19:30～22:00 第44回熊日盾杯アイスホッケー大会 熊本ﾌﾞﾙｰｴﾝｼﾞｪﾙ １ 対 ２ 宮崎・鹿児島選抜 | U35: 20:30～22:00 第44回熊日盾杯アイスホッケー大会 熊本スコアJr ７ 対 ３ 宮崎・鹿児島選抜
A41: 事業の成果 | D41: 技術力・チーム連携の向上 | U41: 技術力・チーム連携の向上
A47: 記入責任者氏名（ 齋藤 和明 ） 電話番号（ 090-5288-9928 ）

Sheet 様式２－４⑰事業実績・実績報告（選手強化）
A1: 様式２－⑰事業実施・実績報告書
A2: 令和 ７年度 国スポ選手強化プロジェクト（①選手強化費）事業実施報告書
A4: （ アイスホッケー ）競技
A7: 事 業 名 | D7: 強化練習 ・ 遠征試合 | U7: 強化練習 ・ 遠征試合
D10: （該当するものを○で囲む） | U10: （該当するものを○で囲む）
A11: 種 別 | D11: 成年男子 ・ 成年女子 少年男子 ・ 少年女子 | U11: 成年男子 ・ 成年女子 少年男子 ・ 少年女子
D14: （該当するものを○で囲む） | U14: （該当するものを○で囲む）
A15: 期 日 | D15: 令和 ８年 ２月２８日（土）～３月 １日（日） | U15: 令和 年 月 日（ ）
A16: 場所 | B16: 会 場 | D16: 福岡アクシオン
B17: 宿舎名 | D17: ホテルＡＺ篠栗
A18: 参 加 人 員 | D18: 指導者 | G18: 0 | I18: 名 | K18: 選手 | M18: 3 | O18: 名 | U18: 指導者 | Z18: 名 | AB18: 選手 | AF18: 名
Q19: 計 | R19: =IF(OR(G18="",M18=""),"",SUM(G18,M18)) -> 3 | T19: 名 | AH19: 計 | AI19: =IF(OR(X18="",AD18=""),"",SUM(X18,AD18)) | AK19: 名
A20: 支 出 の 内 訳 | B20: 科 目 | D20: 金 額 | H20: 内 訳 | U20: 金 額 | Y20: 内 訳
B21: 交 通 費 | D21: 39460
B22: 宿 泊 費 | D22: 18750 | I22: 6250 | L22: 円 | M22: × | N22: 3 | P22: 名 | Q22: × | R22: 1 | T22: 泊 | U22: =IF(OR(Z22="",AE22="",AI22=""),"",(Z22*AE22*AI22)) | AC22: 円 | AD22: × | AG22: 名 | AH22: × | AK22: 泊
B23: 旅行雑費 | D23: 6600 | I23: 1100 | L23: 円 | M23: × | N23: 3 | P23: 名 | Q23: × | R23: 2 | T23: 日 | U23: =IF(OR(Z23="",AE23="",AI23=""),"",(Z23*AE23*AI23)) | AC23: 円 | AD23: × | AG23: 名 | AH23: × | AK23: 日
B24: 駐 車 料 | U24: =IF(OR(Z24="",AE24="",AI24=""),"",(Z24*AE24*AI24))
B25: 借 用 料 | D25: 83000 | L25: 円 | M25: × | P25: 日 | U25: =IF(OR(Z25="",AF25=""),"",(Z25*AF25)) | AC25: 円 | AD25: × | AG25: 日
B26: 需 用 費 | U26: =IF(OR(Z26="",AF26=""),"",(Z26*AF26))
B27: 役 務 費
B28: そ の 他
B34: 計 | D34: =SUM(D21:G33) -> 147810 | U34: =SUM(U21:X33) -> 0
A35: 日程及び内容 | D35: （１）２月２８日（土） 13:50～ 宮崎鹿児島選抜 ３ 対 ９ 長崎選抜 （２）３月 １日（日） 17:20～ 宮崎鹿児島選抜 １ 対 ８ 佐賀選抜
A41: 事業の成果 | D41: 技術力・チーム連携の向上
A47: 記入責任者氏名（ 齋藤 和明 ） 電話番号（ 090-5288-9928 ）

Sheet 様式２－５①事業別参加者名簿（選手強化）
A1: 様式２－５①事業別参加者名簿
B3: 令和 | C3: 7 | D3: 年度 | E3: 選手強化費 | I3: 参加者名簿
B5: 団体名 | D5: アイスホッケー連盟
A6: 【事業実施日】 | C6: 令和 ７年 ５月２４日
A7: 番号 | B7: 監督・選手別 | D7: 氏 名 | G7: 年齢･学年 | H7: 宿泊対象者
H8: 月 日 | I8: 月 日 | J8: 月 日
A9: 1 | B9: 選手 | D9: 長友 繁 | G9: 48
A10: 2 | B10: 選手 | D10: 中村 里惟 | G10: 26
A11: 3 | B11: 選手 | D11: 蛯原 智仁 | G11: 25
A12: 4
A13: 5
A14: 6
A15: 7
A16: 8
A17: 9
A18: 10
A19: 11
A20: 12
A21: 13
A22: 14
A23: 15
... A36: 28
A37: 記入責任者氏名（ 齋藤 豊光 ） 電話番号（ 090-8224-0842 ）
A38: ※ 参加者名簿については、事業実施日ごとに作成すること。
A39: ※ 宿泊費の支出があった者については、宿泊対象者の欄に○を付けること。
A40: ※ 参加者名簿様式は、競技団体の様式でも可。ただし、宿泊対象者がわかるように記載すること。

Sheet 様式２－５②事業別参加者名簿（選手強化）
A1: 様式２－５②事業別参加者名簿
B3: 令和 | C3: 7 | D3: 年度 | E3: 選手強化費 | I3: 参加者名簿
B5: 団体名 | D5: アイスホッケー連盟
A6: 【事業実施日】 | C6: 令和 ７ 年６月１４日
A7: 番号 | B7: 監督・選手別 | D7: 氏 名 | G7: 年齢･学年 | H7: 宿泊対象者
H8: 月 日 | I8: 月 日 | J8: 月 日
A9: 1 | B9: 監督 | D9: 齋藤 豊光 | G9: 67
A10: 2 | B10: 選手 | D10: 髙見 翼人 | G10: 34
A11: 3 | B11: 選手 | D11: 蛯原 智仁 | G11: 25
A12: 4 | B12: 選手 | D12: 中村 里惟 | G12: 26
A13: 5
A14: 6
A15: 7
A16: 8
A17: 9
A18: 10
A19: 11
A20: 12
A21: 13
A22: 14
A23: 15
A24: 16
... A36: 28
A37: 記入責任者氏名（ 齋藤 豊光 ） 電話番号（ 090-8224-0842 ）
A38: ※ 参加者名簿については、事業実施日ごとに作成すること。
A39: ※ 宿泊費の支出があった者については、宿泊対象者の欄に○を付けること。
A40: ※ 参加者名簿様式は、競技団体の様式でも可。ただし、宿泊対象者がわかるように記載すること。

Sheet 様式２－５③事業別参加者名簿（選手強化）
A1: 様式２－５③事業別参加者名簿
B3: 令和 | C3: 7 | D3: 年度 | E3: 選手強化費 | I3: 参加者名簿
B5: 団体名 | D5: アイスホッケー連盟
A6: 【事業実施日】 | C6: 令和 ７ 年 ８ 月２３日
A7: 番号 | B7: 監督・選手別 | D7: 氏 名 | G7: 年齢･学年 | H7: 宿泊対象者
H8: 月 日 | I8: 月 日 | J8: 月 日
A9: 1 | B9: 監督 | D9: 齋藤 豊光 | G9: 67
A10: 2 | B10: 選手 | D10: 髙見 翼人 | G10: 34
A11: 3 | B11: 選手 | D11: 蛯原 智仁 | G11: 25
A12: 4 | B12: 選手 | D12: 中村 里惟 | G12: 26
A13: 5
A14: 6
A15: 7
A16: 8
A17: 9
A18: 10
A19: 11
A20: 12
A21: 13
A22: 14
A23: 15
A24: 16
... A36: 28
A37: 記入責任者氏名（ 齋藤 豊光 ） 電話番号（ 090-8224-0842 ）
A38: ※ 参加者名簿については、事業実施日ごとに作成すること。
A39: ※ 宿泊費の支出があった者については、宿泊対象者の欄に○を付けること。
A40: ※ 参加者名簿様式は、競技団体の様式でも可。ただし、宿泊対象者がわかるように記載すること。

Sheet 様式２－５④事業別参加者名簿（選手強化）
A1: 様式２－５④事業別参加者名簿
B3: 令和 | C3: 7 | D3: 年度 | E3: 選手強化費 | I3: 参加者名簿
B5: 団体名 | D5: アイスホッケー連盟
A6: 【事業実施日】 | C6: 令和 ７ 年 ９ 月１３日
A7: 番号 | B7: 監督・選手別 | D7: 氏 名 | G7: 年齢･学年 | H7: 宿泊対象者
H8: 月 日 | I8: 月 日 | J8: 月 日
A9: 1 | B9: 監督 | D9: 齋藤 豊光 | G9: 67
A10: 2 | B10: 選手 | D10: 髙見 翼人 | G10: 34
A11: 3 | B11: 選手 | D11: 宮城 将嗣 | G11: 32
A12: 4 | B12: 選手 | D12: 中村 里惟 | G12: 26
A13: 5
A14: 6
A15: 7
A16: 8
A17: 9
A18: 10
A19: 11
A20: 12
A21: 13
A22: 14
A23: 15
A24: 16
... A36: 28
A37: 記入責任者氏名（ 齋藤 豊光 ） 電話番号（ 090-8224-0842 ）
A38: ※ 参加者名簿については、事業実施日ごとに作成すること。
A39: ※ 宿泊費の支出があった者については、宿泊対象者の欄に○を付けること。
A40: ※ 参加者名簿様式は、競技団体の様式でも可。ただし、宿泊対象者がわかるように記載すること。

Sheet 様式２－５➄事業別参加者名簿（選手強化）
A1: 様式２－５➄事業別参加者名簿
B3: 令和 | C3: 7 | D3: 年度 | E3: 選手強化費 | I3: 参加者名簿
B5: 団体名 | D5: アイスホッケー連盟
A6: 【事業実施日】 | C6: 令和 ７ 年 ９ 月２７日
A7: 番号 | B7: 監督・選手別 | D7: 氏 名 | G7: 年齢･学年 | H7: 宿泊対象者
H8: 月 日 | I8: 月 日 | J8: 月 日
A9: 1 | B9: 監督 | D9: 齋藤 豊光 | G9: 67
A10: 2 | B10: コーチ | D10: 谷脇 優二 | G10: 64
A11: 3 | B11: 選手 | D11: 髙見 翼人 | G11: 34
A12: 4 | B12: 選手 | D12: 蛯原 智仁 | G12: 25
A13: 5
A14: 6
A15: 7
A16: 8
A17: 9
A18: 10
A19: 11
A20: 12
A21: 13
A22: 14
A23: 15
A24: 16
... A36: 28
A37: 記入責任者氏名（ 齋藤 豊光 ） 電話番号（ 090-8224-0842 ）
A38: ※ 参加者名簿については、事業実施日ごとに作成すること。
A39: ※ 宿泊費の支出があった者については、宿泊対象者の欄に○を付けること。
A40: ※ 参加者名簿様式は、競技団体の様式でも可。ただし、宿泊対象者がわかるように記載すること。

Sheet 様式２－５⑥事業別参加者名簿（選手強化）
A1: 様式２－５⑥事業別参加者名簿
B3: 令和 | C3: 7 | D3: 年度 | E3: 選手強化費 | I3: 参加者名簿
B5: 団体名 | D5: アイスホッケー連盟
A6: 【事業実施日】 | C6: 令和 ７ 年 １０ 月 ４ 日
A7: 番号 | B7: 監督・選手別 | D7: 氏 名 | G7: 年齢･学年 | H7: 宿泊対象者
H8: 月 日 | I8: 月 日 | J8: 月 日
A9: 1 | B9: 監督 | D9: 齋藤 豊光 | G9: 67
A10: 2 | B10: 選手 | D10: 髙見 翼人 | G10: 34
A11: 3
A12: 4
A13: 5
A14: 6
A15: 7
A16: 8
A17: 9
A18: 10
A19: 11
A20: 12
A21: 13
A22: 14
... A36: 28
A37: 記入責任者氏名（ 齋藤 豊光 ） 電話番号（ 090-8224-0842 ）
A38: ※ 参加者名簿については、事業実施日ごとに作成すること。
A39: ※ 宿泊費の支出があった者については、宿泊対象者の欄に○を付けること。
A40: ※ 参加者名簿様式は、競技団体の様式でも可。ただし、宿泊対象者がわかるように記載すること。

Sheet 様式２－５⑦事業別参加者名簿（選手強化）
A1: 様式２－５⑦事業別参加者名簿
B3: 令和 | C3: 7 | D3: 年度 | E3: 選手強化費 | I3: 参加者名簿
B5: 団体名 | D5: アイスホッケー連盟
A6: 【事業実施日】 | C6: 令和 ７ 年 １０ 月 ２５ 日
A7: 番号 | B7: 監督・選手別 | D7: 氏 名 | G7: 年齢･学年 | H7: 宿泊対象者
H8: 月 日 | I8: 月 日 | J8: 月 日
A9: 1 | B9: 監督 | D9: 齋藤 豊光 | G9: 67
A10: 2 | B10: 選手 | D10: 髙見 翼人 | G10: 34
A11: 3 | B11: 選手 | D11: 蛯原 智仁 | G11: 25
A12: 4
A13: 5
A14: 6
A15: 7
A16: 8
A17: 9
A18: 10
A19: 11
A20: 12
A21: 13
A22: 14
A23: 15
... A36: 28
A37: 記入責任者氏名（ 齋藤 豊光 ） 電話番号（ 090-8224-0842 ）
A38: ※ 参加者名簿については、事業実施日ごとに作成すること。
A39: ※ 宿泊費の支出があった者については、宿泊対象者の欄に○を付けること。
A40: ※ 参加者名簿様式は、競技団体の様式でも可。ただし、宿泊対象者がわかるように記載すること。

Sheet 様式２－５⑧事業別参加者名簿（選手強化）
A1: 様式２－５⑧事業別参加者名簿
B3: 令和 | C3: 7 | D3: 年度 | E3: 選手強化費 | I3: 参加者名簿
B5: 団体名 | D5: アイスホッケー連盟
A6: 【事業実施日】 | C6: 令和 ７ 年 １１ 月 ８ 日
A7: 番号 | B7: 監督・選手別 | D7: 氏 名 | G7: 年齢･学年 | H7: 宿泊対象者
H8: 月 日 | I8: 月 日 | J8: 月 日
A9: 1 | B9: 監督 | D9: 齋藤 豊光 | G9: 67
A10: 2 | B10: 選手 | D10: 髙見 翼人 | G10: 34
A11: 3 | B11: 選手 | D11: 中村 里惟 | G11: 26
A12: 4 | B12: 選手 | D12: 蛯原 智仁 | G12: 25
A13: 5
A14: 6
A15: 7
A16: 8
A17: 9
A18: 10
A19: 11
A20: 12
A21: 13
A22: 14
A23: 15
A24: 16
... A36: 28
A37: 記入責任者氏名（ 齋藤 豊光 ） 電話番号（ 090-8224-0842 ）
A38: ※ 参加者名簿については、事業実施日ごとに作成すること。
A39: ※ 宿泊費の支出があった者については、宿泊対象者の欄に○を付けること。
A40: ※ 参加者名簿様式は、競技団体の様式でも可。ただし、宿泊対象者がわかるように記載すること。

Sheet 様式２－５⑨事業別参加者名簿（選手強化）
A1: 様式２－５⑨事業別参加者名簿
B3: 令和 | C3: 7 | D3: 年度 | E3: 選手強化費 | I3: 参加者名簿
B5: 団体名 | D5: アイスホッケー連盟
A6: 【事業実施日】 | C6: 令和 ７ 年 １１ 月 ２２ 日
A7: 番号 | B7: 監督・選手別 | D7: 氏 名 | G7: 年齢･学年 | H7: 宿泊対象者
H8: 月 日 | I8: 月 日 | J8: 月 日
A9: 1 | B9: 監督 | D9: 齋藤 豊光 | G9: 67
A10: 2 | B10: 選手 | D10: 髙見 翼人 | G10: 34
A11: 3 | B11: 選手 | D11: 中村 里惟 | G11: 26
A12: 4 | B12: 選手 | D12: 蛯原 智仁 | G12: 25
A13: 5
A14: 6
A15: 7
A16: 8
A17: 9
A18: 10
A19: 11
A20: 12
A21: 13
A22: 14
A23: 15
A24: 16
... A36: 28
A37: 記入責任者氏名（ 齋藤 豊光 ） 電話番号（ 090-8224-0842 ）
A38: ※ 参加者名簿については、事業実施日ごとに作成すること。
A39: ※ 宿泊費の支出があった者については、宿泊対象者の欄に○を付けること。
A40: ※ 参加者名簿様式は、競技団体の様式でも可。ただし、宿泊対象者がわかるように記載すること。

Sheet 様式２－５⑩事業別参加者名簿（選手強化）
A1: 様式２－５⑩事業別参加者名簿
B3: 令和 | C3: 7 | D3: 年度 | E3: 選手強化費 | I3: 参加者名簿
B5: 団体名 | D5: アイスホッケー連盟
A6: 【事業実施日】 | C6: 令和 ７ 年 １２ 月 ２７ 日
A7: 番号 | B7: 監督・選手別 | D7: 氏 名 | G7: 年齢･学年 | H7: 宿泊対象者
H8: 月 日 | I8: 月 日 | J8: 月 日
A9: 1 | B9: 選手 | D9: 中村 里惟 | G9: 26
A10: 2
A11: 3
A12: 4
A13: 5
A14: 6
A15: 7
A16: 8
A17: 9
A18: 10
A19: 11
A20: 12
A21: 13
... A36: 28
A37: 記入責任者氏名（ 齋藤 豊光 ） 電話番号（ 090-8224-0842 ）
A38: ※ 参加者名簿については、事業実施日ごとに作成すること。
A39: ※ 宿泊費の支出があった者については、宿泊対象者の欄に○を付けること。
A40: ※ 参加者名簿様式は、競技団体の様式でも可。ただし、宿泊対象者がわかるように記載すること。

Sheet 様式２－５⑪事業別参加者名簿（選手強化）
A1: 様式２－５⑪事業別参加者名簿
B3: 令和 | C3: 7 | D3: 年度 | E3: 選手強化費 | I3: 参加者名簿
B5: 団体名 | D5: アイスホッケー連盟
A6: 【事業実施日】 | C6: 令和 ８ 年 １ 月 １０ 日
A7: 番号 | B7: 監督・選手別 | D7: 氏 名 | G7: 年齢･学年 | H7: 宿泊対象者
H8: 月 日 | I8: 月 日 | J8: 月 日
A9: 1 | B9: 選手 | D9: 蛯原 智仁 | G9: 25
A10: 2
A11: 3
A12: 4
A13: 5
A14: 6
A15: 7
A16: 8
A17: 9
A18: 10
A19: 11
A20: 12
A21: 13
... A36: 28
A37: 記入責任者氏名（ 齋藤 豊光 ） 電話番号（ 090-8224-0842 ）
A38: ※ 参加者名簿については、事業実施日ごとに作成すること。
A39: ※ 宿泊費の支出があった者については、宿泊対象者の欄に○を付けること。
A40: ※ 参加者名簿様式は、競技団体の様式でも可。ただし、宿泊対象者がわかるように記載すること。

Sheet 様式２－５⑫事業別参加者名簿（選手強化）
A1: 様式２－５⑫事業別参加者名簿
B3: 令和 | C3: 7 | D3: 年度 | E3: 選手強化費 | I3: 参加者名簿
B5: 団体名 | D5: アイスホッケー連盟
A6: 【事業実施日】 | C6: 令和 ８ 年 １ 月 １７ 日
A7: 番号 | B7: 監督・選手別 | D7: 氏 名 | G7: 年齢･学年 | H7: 宿泊対象者
H8: 月 日 | I8: 月 日 | J8: 月 日
A9: 1 | B9: 選手 | D9: 中村 里惟 | G9: 26
A10: 2
A11: 3
A12: 4
A13: 5
A14: 6
A15: 7
A16: 8
A17: 9
A18: 10
A19: 11
A20: 12
A21: 13
... A36: 28
A37: 記入責任者氏名（ 齋藤 豊光 ） 電話番号（ 090-8224-0842 ）
A38: ※ 参加者名簿については、事業実施日ごとに作成すること。
A39: ※ 宿泊費の支出があった者については、宿泊対象者の欄に○を付けること。
A40: ※ 参加者名簿様式は、競技団体の様式でも可。ただし、宿泊対象者がわかるように記載すること。

Sheet 様式２－５⑬事業別参加者名簿（選手強化）
A1: 様式２－５⑬事業別参加者名簿
B3: 令和 | C3: 7 | D3: 年度 | E3: 選手強化費 | I3: 参加者名簿
B5: 団体名 | D5: アイスホッケー連盟
A6: 【事業実施日】 | C6: 令和 ８ 年 １ 月２４日～２５日
A7: 番号 | B7: 監督・選手別 | D7: 氏 名 | G7: 年齢･学年 | H7: 宿泊対象者
H8: 46046 | I8: 月 日 | J8: 月 日
A9: 1 | B9: 選手 | D9: 蛯原 智仁 | G9: 25 | H9: 〇
A10: 2 | B10: 選手 | D10: 中村 里惟 | G10: 26 | H10: 〇
A11: 3 | B11: 選手 | D11: 山田 幸治 | G11: 45 | H11: 〇
A12: 4 | B12: 選手 | D12: 髙見 翼人 | G12: 35 | H12: 〇
A13: 5 | B13: 選手 | D13: 松本 紘煕 | G13: 32 | H13: 〇
A14: 6 | B14: コーチ | D14: 日髙 雅壮 | G14: 57 | H14: 〇
A15: 7 | B15: 選手 | D15: 小林 大祐 | G15: 32 | H15: 〇
A16: 8 | B16: 選手 | D16: 新森 康弘 | G16: 43 | H16: 〇
A17: 9 | B17: 選手 | D17: 児玉 恵吾 | G17: 40 | H17: 〇
A18: 10 | B18: 選手 | D18: 宮城 将嗣 | G18: 33 | H18: 〇
A19: 11
A20: 12
A21: 13
A22: 14
A23: 15
A24: 16
A25: 17
A26: 18
A27: 19
A28: 20
A29: 21
A30: 22
... A36: 28
A37: 記入責任者氏名（ 齋藤 豊光 ） 電話番号（ 090-8224-0842 ）
A38: ※ 参加者名簿については、事業実施日ごとに作成すること。
A39: ※ 宿泊費の支出があった者については、宿泊対象者の欄に○を付けること。
A40: ※ 参加者名簿様式は、競技団体の様式でも可。ただし、宿泊対象者がわかるように記載すること。

Sheet 様式２－５⑭事業別参加者名簿（選手強化）
A1: 様式２－５⑭事業別参加者名簿
B3: 令和 | C3: 7 | D3: 年度 | E3: 選手強化費 | I3: 参加者名簿
B5: 団体名 | D5: アイスホッケー連盟
A6: 【事業実施日】 | C6: 令和 ８ 年 １ 月３０日
A7: 番号 | B7: 監督・選手別 | D7: 氏 名 | G7: 年齢･学年 | H7: 宿泊対象者
H8: 月 日 | I8: 月 日 | J8: 月 日
A9: 1 | B9: 選手 | D9: 蛯原 智仁 | G9: 25
A10: 2
A11: 3
A12: 4
A13: 5
A14: 6
A15: 7
A16: 8
A17: 9
A18: 10
A19: 11
A20: 12
A21: 13
... A36: 28
A37: 記入責任者氏名（ 齋藤 豊光 ） 電話番号（ 090-8224-0842 ）
A38: ※ 参加者名簿については、事業実施日ごとに作成すること。
A39: ※ 宿泊費の支出があった者については、宿泊対象者の欄に○を付けること。
A40: ※ 参加者名簿様式は、競技団体の様式でも可。ただし、宿泊対象者がわかるように記載すること。

Sheet 様式２－５⑮事業別参加者名簿（選手強化）
A1: 様式２－５⑮事業別参加者名簿
B3: 令和 | C3: 7 | D3: 年度 | E3: 選手強化費 | I3: 参加者名簿
B5: 団体名 | D5: アイスホッケー連盟
A6: 【事業実施日】 | C6: 令和 ８ 年 ２ 月 ７ 日
A7: 番号 | B7: 監督・選手別 | D7: 氏 名 | G7: 年齢･学年 | H7: 宿泊対象者
H8: 月 日 | I8: 月 日 | J8: 月 日
A9: 1 | B9: 選手 | D9: 宮城 将嗣 | G9: 33
A10: 2 | B10: 選手 | D10: 山田 幸司 | G10: 44
A11: 3
A12: 4
A13: 5
A14: 6
A15: 7
A16: 8
A17: 9
A18: 10
A19: 11
A20: 12
A21: 13
A22: 14
... A36: 28
A37: 記入責任者氏名（ 齋藤 豊光 ） 電話番号（ 090-8224-0842 ）
A38: ※ 参加者名簿については、事業実施日ごとに作成すること。
A39: ※ 宿泊費の支出があった者については、宿泊対象者の欄に○を付けること。
A40: ※ 参加者名簿様式は、競技団体の様式でも可。ただし、宿泊対象者がわかるように記載すること。

Sheet 様式２－５⑯事業別参加者名簿（選手強化）
A1: 様式２－５⑯事業別参加者名簿
B3: 令和 | C3: 7 | D3: 年度 | E3: 選手強化費 | I3: 参加者名簿
B5: 団体名 | D5: アイスホッケー連盟
A6: 【事業実施日】 | C6: 令和 ８ 年 ２ 月 ２１ 日
A7: 番号 | B7: 監督・選手別 | D7: 氏 名 | G7: 年齢･学年 | H7: 宿泊対象者
H8: 月 日 | I8: 月 日 | J8: 月 日
A9: 1 | B9: 選手 | D9: 蛯原 智仁 | G9: 25
A10: 2 | B10: 選手 | D10: 山田 幸司 | G10: 44
A11: 3
A12: 4
A13: 5
A14: 6
A15: 7
A16: 8
A17: 9
A18: 10
A19: 11
A20: 12
A21: 13
A22: 14
... A36: 28
A37: 記入責任者氏名（ 齋藤 豊光 ） 電話番号（ 090-8224-0842 ）
A38: ※ 参加者名簿については、事業実施日ごとに作成すること。
A39: ※ 宿泊費の支出があった者については、宿泊対象者の欄に○を付けること。
A40: ※ 参加者名簿様式は、競技団体の様式でも可。ただし、宿泊対象者がわかるように記載すること。

Sheet 様式２－５⑰事業別参加者名簿（選手強化）
A1: 様式２－５⑰事業別参加者名簿
B3: 令和 | C3: 7 | D3: 年度 | E3: 選手強化費 | I3: 参加者名簿
B5: 団体名 | D5: アイスホッケー連盟
A6: 【事業実施日】 | C6: 令和 ８ 年２月２８日～３月１日
A7: 番号 | B7: 監督・選手別 | D7: 氏 名 | G7: 年齢･学年 | H7: 宿泊対象者
H8: 46081 | I8: 月 日 | J8: 月 日
A9: 1 | B9: 選手 | D9: 山田 幸司 | G9: 44 | H9: 〇
A10: 2 | B10: 選手 | D10: 松本 紘煕 | G10: 32 | H10: 〇
A11: 3 | B11: 選手 | D11: 宮城 将嗣 | G11: 33 | H11: 〇
A12: 4
A13: 5
A14: 6
A15: 7
A16: 8
A17: 9
A18: 10
A19: 11
A20: 12
A21: 13
A22: 14
A23: 15
... A36: 28
A37: 記入責任者氏名（ 齋藤 豊光 ） 電話番号（ 090-8224-0842 ）
A38: ※ 参加者名簿については、事業実施日ごとに作成すること。
A39: ※ 宿泊費の支出があった者については、宿泊対象者の欄に○を付けること。
A40: ※ 参加者名簿様式は、競技団体の様式でも可。ただし、宿泊対象者がわかるように記載すること。

Sheet 様式２－６①事業別領収書１（選手強化）
A1: 様式２－６①事業別領収書１
G3: 令和 | J3: 7 | L3: 年度 | P3: 選手強化費 領収書１
A5: 団体名 | G5: 宮崎県アイスホッケー連盟
AC7: 作成者名（ 齋藤 豊光 ）
A8: No | C8: 氏 名 | J8: 期日 | N8: 交 通 | T8: 支 払 額 | AF8: 受領日 | AP8: 受領 サイン
N9: 区 間 | T9: 交通費 | X9: 宿泊費 | AB9: 雑費
A10: 1 | C10: 長友 繁 | J10: 45801 | N10: 航空機・ﾊﾞｽ | T10: 21020 | X10: 0 | AB10: 2200 | AF10: 45801
N11: 電車・車(640)㎞
N12: 宮崎西～福岡
A13: 2 | C13: 中村 里惟 | J13: 45801 | N13: 航空機・ﾊﾞｽ | T13: 20290 | X13: 0 | AB13: 2200 | AF13: 45801
N14: 電車・車(600)㎞
N15: 宮崎～福岡
A16: 3 | C16: 蛯原 智仁 | J16: 45801 | N16: 航空機・ﾊﾞｽ | T16: 20390 | X16: 0 | AB16: 2200 | AF16: 45801
N17: 電車・車(600)㎞
N18: 宮崎～福岡
A19: 4 | X19: 0
A22: 5 | X22: 0
A25: 6 | X25: 0
A28: 7 | X28: 0
A31: 8
A34: 9
A37: 10
P40: 合 計 | T40: =SUM(T10:W39) -> 61700 | X40: =SUM(X10:AA39) -> 0 | AB40: =SUM(AB10:AE39) -> 6600 | AF40: 旅費合計 | AL40: =SUM(T40:AE40) -> 68300
A41: 記入責任者氏名( 齋藤 豊光 ) | AB41: 電話番号(０９０－８２２４－０８４２ )
A42: 記入上の注意
A43: ① 金額欄は、同額であっても「同上」、「〃」で記入せず、必ず金額を記入のこと。
A44: ② 受領した本人が自署または押印すること。
A45: 航空機利用の場合、領収書（利用者氏名・利用区間・便名・搭乗日が記載されているもの）を添付すること。
A46: ③ 旅行業者等に交通手段・宿泊等を一括手配（依頼）し利用した場合は、旅行業者の領収書を添付する。
A47: 但し、内訳として交通費と宿泊費の明細を添付のこと。
A48: ④ 交通費は、最も経済的な通常の経路、方法により算出すること。
A49: ⑤ 自家用車を利用した場合、出発地と目的地間の最短距離(㎞ 端数切捨)に１７円を乗じた額とする。
A50: また、有料道路利用の場合は、領収書または利用証明書を添付すること。
A51: ⑥ 加盟団体等が定めた取扱等がある場合は、その取扱等により計算した額とすること。但し、本会の基準で計算した額を
A52: 上限とし、超過する場合は補助対象外とする。(注) この場合は、加盟団体等が定めた取扱等を提出すること。
A53: ⑦ 公共交通機関を利用した場合は、利用区間名(バス停、駅)を記入すること。

Sheet 様式２－６②事業別領収書１（選手強化）
A1: 様式２－６②事業別領収書１
G3: 令和 | J3: 7 | L3: 年度 | P3: 選手強化費 領収書１
A5: 団体名 | G5: 宮崎県アイスホッケー連盟
AC7: 作成者名（ 齋藤 豊光 ）
A8: No | C8: 氏 名 | J8: 期日 | N8: 交 通 | T8: 支 払 額 | AF8: 受領日 | AP8: 受領 サイン
N9: 区 間 | T9: 交通費 | X9: 宿泊費 | AB9: 雑費
A10: 1 | C10: 齋藤 豊光 | J10: 45822 | N10: 航空機・ﾊﾞｽ | T10: 20560 | X10: 0 | AB10: 2200 | AF10: 45822
N11: 電車・車(640)㎞
N12: 宮崎～福岡
A13: 2 | C13: 髙見 翼人 | J13: 45822 | N13: 航空機・ﾊﾞｽ | T13: 17480 | X13: 0 | AB13: 2200 | AF13: 45822
N14: 電車・車(540)㎞
N15: 都城～福岡
A16: 3 | C16: 蛯原 智仁 | J16: 45822 | N16: 航空機・ﾊﾞｽ | T16: 19110 | X16: 0 | AB16: 2200 | AF16: 45822
N17: 電車・車(600)㎞
N18: 宮崎～福岡
A19: 4 | C19: 中村 里惟 | J19: 45822 | N19: 航空機・ﾊﾞｽ | T19: 19390 | X19: 0 | AB19: 2200 | AF19: 45822
N20: 電車・車(600)㎞
N21: 宮崎～福岡
A22: 5 | X22: 0
A25: 6 | X25: 0
A28: 7 | X28: 0
A31: 8
A34: 9
A37: 10
P40: 合 計 | T40: =SUM(T10:W39) -> 76540 | X40: =SUM(X10:AA39) -> 0 | AB40: =SUM(AB10:AE39) -> 8800 | AF40: 旅費合計 | AL40: =SUM(T40:AE40) -> 85340
A41: 記入責任者氏名( 齋藤 豊光 ) | AB41: 電話番号(０９０－８２２４－０８４２ )
A42: 記入上の注意
A43: ① 金額欄は、同額であっても「同上」、「〃」で記入せず、必ず金額を記入のこと。
A44: ② 受領した本人が自署または押印すること。
A45: 航空機利用の場合、領収書（利用者氏名・利用区間・便名・搭乗日が記載されているもの）を添付すること。
A46: ③ 旅行業者等に交通手段・宿泊等を一括手配（依頼）し利用した場合は、旅行業者の領収書を添付する。
A47: 但し、内訳として交通費と宿泊費の明細を添付のこと。
A48: ④ 交通費は、最も経済的な通常の経路、方法により算出すること。
A49: ⑤ 自家用車を利用した場合、出発地と目的地間の最短距離(㎞ 端数切捨)に１７円を乗じた額とする。
A50: また、有料道路利用の場合は、領収書または利用証明書を添付すること。
A51: ⑥ 加盟団体等が定めた取扱等がある場合は、その取扱等により計算した額とすること。但し、本会の基準で計算した額を
A52: 上限とし、超過する場合は補助対象外とする。(注) この場合は、加盟団体等が定めた取扱等を提出すること。
A53: ⑦ 公共交通機関を利用した場合は、利用区間名(バス停、駅)を記入すること。

Sheet 様式２－６③事業別領収書１（選手強化）
A1: 様式２－６③事業別領収書１
G3: 令和 | J3: 7 | L3: 年度 | P3: 選手強化費 領収書１
A5: 団体名 | G5: 宮崎県アイスホッケー連盟
AC7: 作成者名（ 齋藤 豊光 ）
A8: No | C8: 氏 名 | J8: 期日 | N8: 交 通 | T8: 支 払 額 | AF8: 受領日 | AP8: 受領 サイン
N9: 区 間 | T9: 交通費 | X9: 宿泊費 | AB9: 雑費
A10: 1 | C10: 齋藤 豊光 | J10: 45892 | N10: 航空機・ﾊﾞｽ | T10: 18540 | X10: 0 | AB10: 2200 | AF10: 45892
N11: 電車・車(600)㎞
N12: 宮崎～久留米
A13: 2 | C13: 髙見 翼人 | J13: 45892 | N13: 航空機・ﾊﾞｽ | T13: 15050 | X13: 0 | AB13: 2200 | AF13: 45892
N14: 電車・車(460)㎞
N15: 都城～久留米
A16: 3 | C16: 蛯原 智仁 | J16: 45892 | N16: 航空機・ﾊﾞｽ | T16: 17300 | X16: 0 | AB16: 2200 | AF16: 45892
N17: 電車・車(540)㎞
N18: 宮崎～久留米
A19: 4 | C19: 中村 里惟 | J19: 45892 | N19: 航空機・ﾊﾞｽ | T19: 16740 | X19: 0 | AB19: 2200 | AF19: 45892
N20: 電車・車(520)㎞
N21: 宮崎～久留米
A22: 5
A25: 6
A28: 7
A31: 8
A34: 9
A37: 10
P40: 合 計 | T40: =SUM(T10:W39) -> 67630 | X40: =SUM(X10:AA39) -> 0 | AB40: =SUM(AB10:AE39) -> 8800 | AF40: 旅費合計 | AL40: =SUM(T40:AE40) -> 76430
A41: 記入責任者氏名( 齋藤 豊光 ) | AB41: 電話番号(０９０－８２２４－０８４２ )
A42: 記入上の注意
A43: ① 金額欄は、同額であっても「同上」、「〃」で記入せず、必ず金額を記入のこと。
A44: ② 受領した本人が自署または押印すること。
A45: 航空機利用の場合、領収書（利用者氏名・利用区間・便名・搭乗日が記載されているもの）を添付すること。
A46: ③ 旅行業者等に交通手段・宿泊等を一括手配（依頼）し利用した場合は、旅行業者の領収書を添付する。
A47: 但し、内訳として交通費と宿泊費の明細を添付のこと。
A48: ④ 交通費は、最も経済的な通常の経路、方法により算出すること。
A49: ⑤ 自家用車を利用した場合、出発地と目的地間の最短距離(㎞ 端数切捨)に１７円を乗じた額とする。
A50: また、有料道路利用の場合は、領収書または利用証明書を添付すること。
A51: ⑥ 加盟団体等が定めた取扱等がある場合は、その取扱等により計算した額とすること。但し、本会の基準で計算した額を
A52: 上限とし、超過する場合は補助対象外とする。(注) この場合は、加盟団体等が定めた取扱等を提出すること。
A53: ⑦ 公共交通機関を利用した場合は、利用区間名(バス停、駅)を記入すること。

Sheet 様式２－６④事業別領収書１（選手強化）
A1: 様式２－６④事業別領収書１
G3: 令和 | J3: 7 | L3: 年度 | P3: 選手強化費 領収書１
A5: 団体名 | G5: 宮崎県アイスホッケー連盟
AC7: 作成者名（ 齋藤 豊光 ）
A8: No | C8: 氏 名 | J8: 期日 | N8: 交 通 | T8: 支 払 額 | AF8: 受領日 | AP8: 受領 サイン
N9: 区 間 | T9: 交通費 | X9: 宿泊費 | AB9: 雑費
A10: 1 | C10: 齋藤 豊光 | J10: 45913 | N10: 航空機・ﾊﾞｽ | T10: 20320 | X10: 0 | AB10: 2200 | AF10: 45913
N11: 電車・車(600)㎞
N12: 宮崎～久留米
A13: 2 | C13: 髙見 翼人 | J13: 45913 | N13: 航空機・ﾊﾞｽ | T13: 16730 | X13: 0 | AB13: 2200 | AF13: 45913
N14: 電車・車(460)㎞
N15: 都城～久留米
A16: 3 | C16: 宮城 将嗣 | J16: 45913 | N16: 航空機・ﾊﾞｽ | T16: 17220 | X16: 0 | AB16: 2200 | AF16: 45913
N17: 電車・車(540)㎞
N18: 宮崎～久留米
A19: 4 | C19: 中村 里惟 | J19: 45913 | N19: 航空機・ﾊﾞｽ | T19: 18430 | X19: 0 | AB19: 2200 | AF19: 45913
N20: 電車・車(520)㎞
N21: 宮崎～久留米
A22: 5 | X22: 0
A25: 6 | X25: 0
A28: 7 | X28: 0
A31: 8
A34: 9
A37: 10
P40: 合 計 | T40: =SUM(T10:W39) -> 72700 | X40: =SUM(X10:AA39) -> 0 | AB40: =SUM(AB10:AE39) -> 8800 | AF40: 旅費合計 | AL40: =SUM(T40:AE40) -> 81500
A41: 記入責任者氏名( 齋藤 豊光 ) | AB41: 電話番号(０９０－８２２４－０８４２ )
A42: 記入上の注意
A43: ① 金額欄は、同額であっても「同上」、「〃」で記入せず、必ず金額を記入のこと。
A44: ② 受領した本人が自署または押印すること。
A45: 航空機利用の場合、領収書（利用者氏名・利用区間・便名・搭乗日が記載されているもの）を添付すること。
A46: ③ 旅行業者等に交通手段・宿泊等を一括手配（依頼）し利用した場合は、旅行業者の領収書を添付する。
A47: 但し、内訳として交通費と宿泊費の明細を添付のこと。
A48: ④ 交通費は、最も経済的な通常の経路、方法により算出すること。
A49: ⑤ 自家用車を利用した場合、出発地と目的地間の最短距離(㎞ 端数切捨)に１７円を乗じた額とする。
A50: また、有料道路利用の場合は、領収書または利用証明書を添付すること。
A51: ⑥ 加盟団体等が定めた取扱等がある場合は、その取扱等により計算した額とすること。但し、本会の基準で計算した額を
A52: 上限とし、超過する場合は補助対象外とする。(注) この場合は、加盟団体等が定めた取扱等を提出すること。
A53: ⑦ 公共交通機関を利用した場合は、利用区間名(バス停、駅)を記入すること。

Sheet 様式２－６➄事業別領収書１（選手強化）
A1: 様式２－６➄事業別領収書１
G3: 令和 | J3: 7 | L3: 年度 | P3: 選手強化費 領収書１
A5: 団体名 | G5: 宮崎県アイスホッケー連盟
AC7: 作成者名（ 齋藤 豊光 ）
A8: No | C8: 氏 名 | J8: 期日 | N8: 交 通 | T8: 支 払 額 | AF8: 受領日 | AP8: 受領 サイン
N9: 区 間 | T9: 交通費 | X9: 宿泊費 | AB9: 雑費
A10: 1 | C10: 齋藤 豊光 | J10: 45927 | N10: 航空機・ﾊﾞｽ | T10: 21070 | X10: 0 | AB10: 2200 | AF10: 45927
N11: 電車・車(640)㎞
N12: 宮崎～福岡
A13: 2 | C13: 髙見 翼人 | J13: 45927 | N13: 航空機・ﾊﾞｽ | T13: 17780 | X13: 0 | AB13: 2200 | AF13: 45927
N14: 電車・車(540)㎞
N15: 都城～福岡
A16: 3 | C16: 谷脇 優二 | J16: 45927 | N16: 航空機・ﾊﾞｽ | T16: 18930 | X16: 0 | AB16: 2200 | AF16: 45927
N17: 電車・車(540)㎞
N18: 宮崎～福岡
A19: 4 | C19: 蛯原 智仁 | J19: 45927 | N19: 航空機・ﾊﾞｽ | T19: 19100 | X19: 0 | AB19: 2200 | AF19: 45927
N20: 電車・車(600)㎞
N21: 宮崎～福岡
A22: 5
A25: 6
A28: 7
A31: 8
A34: 9
A37: 10
P40: 合 計 | T40: =SUM(T10:W39) -> 76880 | X40: =SUM(X10:AA39) -> 0 | AB40: =SUM(AB10:AE39) -> 8800 | AF40: 旅費合計 | AL40: =SUM(T40:AE40) -> 85680
A41: 記入責任者氏名( 齋藤 豊光 ) | AB41: 電話番号(０９０－８２２４－０８４２ )
A42: 記入上の注意
A43: ① 金額欄は、同額であっても「同上」、「〃」で記入せず、必ず金額を記入のこと。
A44: ② 受領した本人が自署または押印すること。
A45: 航空機利用の場合、領収書（利用者氏名・利用区間・便名・搭乗日が記載されているもの）を添付すること。
A46: ③ 旅行業者等に交通手段・宿泊等を一括手配（依頼）し利用した場合は、旅行業者の領収書を添付する。
A47: 但し、内訳として交通費と宿泊費の明細を添付のこと。
A48: ④ 交通費は、最も経済的な通常の経路、方法により算出すること。
A49: ⑤ 自家用車を利用した場合、出発地と目的地間の最短距離(㎞ 端数切捨)に１７円を乗じた額とする。
A50: また、有料道路利用の場合は、領収書または利用証明書を添付すること。
A51: ⑥ 加盟団体等が定めた取扱等がある場合は、その取扱等により計算した額とすること。但し、本会の基準で計算した額を
A52: 上限とし、超過する場合は補助対象外とする。(注) この場合は、加盟団体等が定めた取扱等を提出すること。
A53: ⑦ 公共交通機関を利用した場合は、利用区間名(バス停、駅)を記入すること。

Sheet 様式２－６⑥事業別領収書１（選手強化）
A1: 様式２－６⑥事業別領収書１
G3: 令和 | J3: 7 | L3: 年度 | P3: 選手強化費 領収書１
A5: 団体名 | G5: 宮崎県アイスホッケー連盟
AC7: 作成者名（ 齋藤 豊光 ）
A8: No | C8: 氏 名 | J8: 期日 | N8: 交 通 | T8: 支 払 額 | AF8: 受領日 | AP8: 受領 サイン
N9: 区 間 | T9: 交通費 | X9: 宿泊費 | AB9: 雑費
A10: 1 | C10: 齋藤 豊光 | J10: 45934 | N10: 航空機・ﾊﾞｽ | T10: 18540 | X10: 0 | AB10: 2200 | AF10: 45934
N11: 電車・車(600)㎞
N12: 宮崎～久留米
A13: 2 | C13: 髙見 翼人 | J13: 45934 | N13: 航空機・ﾊﾞｽ | T13: 15160 | X13: 0 | AB13: 2200 | AF13: 45934
N14: 電車・車(460)㎞
N15: 都城～久留米
A16: 3 | X16: 0
A19: 4 | X19: 0
A22: 5 | X22: 0
A25: 6 | X25: 0
A28: 7 | X28: 0
A31: 8
A34: 9
A37: 10
P40: 合 計 | T40: =SUM(T10:W39) -> 33700 | X40: =SUM(X10:AA39) -> 0 | AB40: =SUM(AB10:AE39) -> 4400 | AF40: 旅費合計 | AL40: =SUM(T40:AE40) -> 38100
A41: 記入責任者氏名( 齋藤 豊光 ) | AB41: 電話番号(０９０－８２２４－０８４２ )
A42: 記入上の注意
A43: ① 金額欄は、同額であっても「同上」、「〃」で記入せず、必ず金額を記入のこと。
A44: ② 受領した本人が自署または押印すること。
A45: 航空機利用の場合、領収書（利用者氏名・利用区間・便名・搭乗日が記載されているもの）を添付すること。
A46: ③ 旅行業者等に交通手段・宿泊等を一括手配（依頼）し利用した場合は、旅行業者の領収書を添付する。
A47: 但し、内訳として交通費と宿泊費の明細を添付のこと。
A48: ④ 交通費は、最も経済的な通常の経路、方法により算出すること。
A49: ⑤ 自家用車を利用した場合、出発地と目的地間の最短距離(㎞ 端数切捨)に１７円を乗じた額とする。
A50: また、有料道路利用の場合は、領収書または利用証明書を添付すること。
A51: ⑥ 加盟団体等が定めた取扱等がある場合は、その取扱等により計算した額とすること。但し、本会の基準で計算した額を
A52: 上限とし、超過する場合は補助対象外とする。(注) この場合は、加盟団体等が定めた取扱等を提出すること。
A53: ⑦ 公共交通機関を利用した場合は、利用区間名(バス停、駅)を記入すること。

Sheet 様式２－６⑦事業別領収書１（選手強化）
A1: 様式２－６⑦事業別領収書１
G3: 令和 | J3: 7 | L3: 年度 | P3: 選手強化費 領収書１
A5: 団体名 | G5: 宮崎県アイスホッケー連盟
AC7: 作成者名（ 齋藤 豊光 ）
A8: No | C8: 氏 名 | J8: 期日 | N8: 交 通 | T8: 支 払 額 | AF8: 受領日 | AP8: 受領 サイン
N9: 区 間 | T9: 交通費 | X9: 宿泊費 | AB9: 雑費
A10: 1 | C10: 齋藤 豊光 | J10: 45955 | N10: 航空機・ﾊﾞｽ | T10: 18540 | X10: 0 | AB10: 2200 | AF10: 45955
N11: 電車・車(600)㎞
N12: 宮崎～久留米
A13: 2 | C13: 髙見 翼人 | J13: 45955 | N13: 航空機・ﾊﾞｽ | T13: 15160 | X13: 0 | AB13: 2200 | AF13: 45955
N14: 電車・車(460)㎞
N15: 都城～久留米
A16: 3 | C16: 蛯原 智仁 | J16: 45955 | N16: 航空機・ﾊﾞｽ | T16: 17300 | X16: 0 | AB16: 2200 | AF16: 45955
N17: 電車・車(540)㎞
N18: 宮崎～久留米
A19: 4
A22: 5
A25: 6
A28: 7
A31: 8
A34: 9
A37: 10
P40: 合 計 | T40: =SUM(T10:W39) -> 51000 | X40: =SUM(X10:AA39) -> 0 | AB40: =SUM(AB10:AE39) -> 6600 | AF40: 旅費合計 | AL40: =SUM(T40:AE40) -> 57600
A41: 記入責任者氏名( 齋藤 豊光 ) | AB41: 電話番号(０９０－８２２４－０８４２ )
A42: 記入上の注意
A43: ① 金額欄は、同額であっても「同上」、「〃」で記入せず、必ず金額を記入のこと。
A44: ② 受領した本人が自署または押印すること。
A45: 航空機利用の場合、領収書（利用者氏名・利用区間・便名・搭乗日が記載されているもの）を添付すること。
A46: ③ 旅行業者等に交通手段・宿泊等を一括手配（依頼）し利用した場合は、旅行業者の領収書を添付する。
A47: 但し、内訳として交通費と宿泊費の明細を添付のこと。
A48: ④ 交通費は、最も経済的な通常の経路、方法により算出すること。
A49: ⑤ 自家用車を利用した場合、出発地と目的地間の最短距離(㎞ 端数切捨)に１７円を乗じた額とする。
A50: また、有料道路利用の場合は、領収書または利用証明書を添付すること。
A51: ⑥ 加盟団体等が定めた取扱等がある場合は、その取扱等により計算した額とすること。但し、本会の基準で計算した額を
A52: 上限とし、超過する場合は補助対象外とする。(注) この場合は、加盟団体等が定めた取扱等を提出すること。
A53: ⑦ 公共交通機関を利用した場合は、利用区間名(バス停、駅)を記入すること。

Sheet 様式２－６⑧事業別領収書１（選手強化）
A1: 様式２－６⑧事業別領収書１
G3: 令和 | J3: 7 | L3: 年度 | P3: 選手強化費 領収書１
A5: 団体名 | G5: 宮崎県アイスホッケー連盟
AC7: 作成者名（ 齋藤 豊光 ）
A8: No | C8: 氏 名 | J8: 期日 | N8: 交 通 | T8: 支 払 額 | AF8: 受領日 | AP8: 受領 サイン
N9: 区 間 | T9: 交通費 | X9: 宿泊費 | AB9: 雑費
A10: 1 | C10: 齋藤 豊光 | J10: 45969 | N10: 航空機・ﾊﾞｽ | T10: 19730 | X10: 0 | AB10: 2200 | AF10: 45969
N11: 電車・車(600)㎞
N12: 宮崎～福岡
A13: 2 | C13: 髙見 翼人 | J13: 45969 | N13: 航空機・ﾊﾞｽ | T13: 9180 | X13: 0 | AB13: 2200 | AF13: 45969
N14: 電車・車(540)㎞
N15: 都城～福岡
A16: 3 | C16: 蛯原 智仁 | J16: 45969 | N16: 航空機・ﾊﾞｽ | T16: 19100 | X16: 0 | AB16: 2200 | AF16: 45969
N17: 電車・車(600)㎞
N18: 宮崎～福岡
A19: 4 | C19: 中村 里惟 | J19: 45969 | N19: 航空機・ﾊﾞｽ | T19: 19950 | X19: 0 | AB19: 2200 | AF19: 45969
N20: 電車・車(600)㎞
N21: 宮崎～福岡
A22: 5
A25: 6
A28: 7
A31: 8
A34: 9
A37: 10
P40: 合 計 | T40: =SUM(T10:W39) -> 67960 | X40: =SUM(X10:AA39) -> 0 | AB40: =SUM(AB10:AE39) -> 8800 | AF40: 旅費合計 | AL40: =SUM(T40:AE40) -> 76760
A41: 記入責任者氏名( 齋藤 豊光 ) | AB41: 電話番号(０９０－８２２４－０８４２ )
A42: 記入上の注意
A43: ① 金額欄は、同額であっても「同上」、「〃」で記入せず、必ず金額を記入のこと。
A44: ② 受領した本人が自署または押印すること。
A45: 航空機利用の場合、領収書（利用者氏名・利用区間・便名・搭乗日が記載されているもの）を添付すること。
A46: ③ 旅行業者等に交通手段・宿泊等を一括手配（依頼）し利用した場合は、旅行業者の領収書を添付する。
A47: 但し、内訳として交通費と宿泊費の明細を添付のこと。
A48: ④ 交通費は、最も経済的な通常の経路、方法により算出すること。
A49: ⑤ 自家用車を利用した場合、出発地と目的地間の最短距離(㎞ 端数切捨)に１７円を乗じた額とする。
A50: また、有料道路利用の場合は、領収書または利用証明書を添付すること。
A51: ⑥ 加盟団体等が定めた取扱等がある場合は、その取扱等により計算した額とすること。但し、本会の基準で計算した額を
A52: 上限とし、超過する場合は補助対象外とする。(注) この場合は、加盟団体等が定めた取扱等を提出すること。
A53: ⑦ 公共交通機関を利用した場合は、利用区間名(バス停、駅)を記入すること。

Sheet 様式２－６⑨事業別領収書１（選手強化）
A1: 様式２－６⑨事業別領収書１
G3: 令和 | J3: 7 | L3: 年度 | P3: 選手強化費 領収書１
A5: 団体名 | G5: 宮崎県アイスホッケー連盟
AC7: 作成者名（ 齋藤 豊光 ）
A8: No | C8: 氏 名 | J8: 期日 | N8: 交 通 | T8: 支 払 額 | AF8: 受領日 | AP8: 受領 サイン
N9: 区 間 | T9: 交通費 | X9: 宿泊費 | AB9: 雑費
A10: 1 | C10: 齋藤 豊光 | J10: 45983 | N10: 航空機・ﾊﾞｽ | T10: 20320 | X10: 0 | AB10: 2200 | AF10: 45983
N11: 電車・車(600)㎞
N12: 宮崎～久留米
A13: 2 | C13: 髙見 翼人 | J13: 45983 | N13: 航空機・ﾊﾞｽ | T13: 16730 | X13: 0 | AB13: 2200 | AF13: 45983
N14: 電車・車(460)㎞
N15: 都城～久留米
A16: 3 | C16: 蛯原 智仁 | J16: 45983 | N16: 航空機・ﾊﾞｽ | T16: 19160 | X16: 0 | AB16: 2200 | AF16: 45983
N17: 電車・車(540)㎞
N18: 宮崎～久留米
A19: 4 | C19: 中村 里惟 | J19: 45983 | N19: 航空機・ﾊﾞｽ | T19: 18430 | X19: 0 | AB19: 2200 | AF19: 45983
N20: 電車・車(520)㎞
N21: 宮崎～久留米
A22: 5
A25: 6
A28: 7
A31: 8
A34: 9
A37: 10
P40: 合 計 | T40: =SUM(T10:W39) -> 74640 | X40: =SUM(X10:AA39) -> 0 | AB40: =SUM(AB10:AE39) -> 8800 | AF40: 旅費合計 | AL40: =SUM(T40:AE40) -> 83440
A41: 記入責任者氏名( 齋藤 豊光 ) | AB41: 電話番号(０９０－８２２４－０８４２ )
A42: 記入上の注意
A43: ① 金額欄は、同額であっても「同上」、「〃」で記入せず、必ず金額を記入のこと。
A44: ② 受領した本人が自署または押印すること。
A45: 航空機利用の場合、領収書（利用者氏名・利用区間・便名・搭乗日が記載されているもの）を添付すること。
A46: ③ 旅行業者等に交通手段・宿泊等を一括手配（依頼）し利用した場合は、旅行業者の領収書を添付する。
A47: 但し、内訳として交通費と宿泊費の明細を添付のこと。
A48: ④ 交通費は、最も経済的な通常の経路、方法により算出すること。
A49: ⑤ 自家用車を利用した場合、出発地と目的地間の最短距離(㎞ 端数切捨)に１７円を乗じた額とする。
A50: また、有料道路利用の場合は、領収書または利用証明書を添付すること。
A51: ⑥ 加盟団体等が定めた取扱等がある場合は、その取扱等により計算した額とすること。但し、本会の基準で計算した額を
A52: 上限とし、超過する場合は補助対象外とする。(注) この場合は、加盟団体等が定めた取扱等を提出すること。
A53: ⑦ 公共交通機関を利用した場合は、利用区間名(バス停、駅)を記入すること。

Sheet 様式２－６⑩事業別領収書１（選手強化）
A1: 様式２－６⑩事業別領収書１
G3: 令和 | J3: 7 | L3: 年度 | P3: 選手強化費 領収書１
A5: 団体名 | G5: 宮崎県アイスホッケー連盟
AC7: 作成者名（ 齋藤 豊光 ）
A8: No | C8: 氏 名 | J8: 期日 | N8: 交 通 | T8: 支 払 額 | AF8: 受領日 | AP8: 受領 サイン
N9: 区 間 | T9: 交通費 | X9: 宿泊費 | AB9: 雑費
A10: 1 | C10: 中村 里惟 | J10: 46018 | N10: 航空機・ﾊﾞｽ | T10: 20120 | X10: 0 | AB10: 2200 | AF10: 46018
N11: 電車・車(520)㎞
N12: 宮崎～久留米
A13: 2
A16: 3
A19: 4
A22: 5
A25: 6
A28: 7
A31: 8
A34: 9
A37: 10
P40: 合 計 | T40: =SUM(T10:W39) -> 20120 | X40: =SUM(X10:AA39) -> 0 | AB40: =SUM(AB10:AE39) -> 2200 | AF40: 旅費合計 | AL40: =SUM(T40:AE40) -> 22320
A41: 記入責任者氏名( 齋藤 豊光 ) | AB41: 電話番号(０９０－８２２４－０８４２ )
A42: 記入上の注意
A43: ① 金額欄は、同額であっても「同上」、「〃」で記入せず、必ず金額を記入のこと。
A44: ② 受領した本人が自署または押印すること。
A45: 航空機利用の場合、領収書（利用者氏名・利用区間・便名・搭乗日が記載されているもの）を添付すること。
A46: ③ 旅行業者等に交通手段・宿泊等を一括手配（依頼）し利用した場合は、旅行業者の領収書を添付する。
A47: 但し、内訳として交通費と宿泊費の明細を添付のこと。
A48: ④ 交通費は、最も経済的な通常の経路、方法により算出すること。
A49: ⑤ 自家用車を利用した場合、出発地と目的地間の最短距離(㎞ 端数切捨)に１７円を乗じた額とする。
A50: また、有料道路利用の場合は、領収書または利用証明書を添付すること。
A51: ⑥ 加盟団体等が定めた取扱等がある場合は、その取扱等により計算した額とすること。但し、本会の基準で計算した額を
A52: 上限とし、超過する場合は補助対象外とする。(注) この場合は、加盟団体等が定めた取扱等を提出すること。
A53: ⑦ 公共交通機関を利用した場合は、利用区間名(バス停、駅)を記入すること。

Sheet 様式２－６⑪事業別領収書１（選手強化）
A1: 様式２－６⑪事業別領収書１
G3: 令和 | J3: 7 | L3: 年度 | P3: 選手強化費 領収書１
A5: 団体名 | G5: 宮崎県アイスホッケー連盟
AC7: 作成者名（ 齋藤 豊光 ）
A8: No | C8: 氏 名 | J8: 期日 | N8: 交 通 | T8: 支 払 額 | AF8: 受領日 | AP8: 受領 サイン
N9: 区 間 | T9: 交通費 | X9: 宿泊費 | AB9: 雑費
A10: 1 | C10: 蛯原 智仁 | J10: 46032 | N10: 航空機・ﾊﾞｽ | T10: 4310 | X10: 0 | AB10: 200 | AF10: 46032
N11: 電車・車( ０ )㎞
N12: 宮崎～えびの
A13: 2 | X13: 0
A16: 3 | X16: 0
A19: 4 | X19: 0
A22: 5 | X22: 0
A25: 6 | X25: 0
A28: 7 | X28: 0
A31: 8
A34: 9
A37: 10
P40: 合 計 | T40: =SUM(T10:W39) -> 4310 | X40: =SUM(X10:AA39) -> 0 | AB40: =SUM(AB10:AE39) -> 200 | AF40: 旅費合計 | AL40: =SUM(T40:AE40) -> 4510
A41: 記入責任者氏名( 齋藤 豊光 ) | AB41: 電話番号(０９０－８２２４－０８４２ )
A42: 記入上の注意
A43: ① 金額欄は、同額であっても「同上」、「〃」で記入せず、必ず金額を記入のこと。
A44: ② 受領した本人が自署または押印すること。
A45: 航空機利用の場合、領収書（利用者氏名・利用区間・便名・搭乗日が記載されているもの）を添付すること。
A46: ③ 旅行業者等に交通手段・宿泊等を一括手配（依頼）し利用した場合は、旅行業者の領収書を添付する。
A47: 但し、内訳として交通費と宿泊費の明細を添付のこと。
A48: ④ 交通費は、最も経済的な通常の経路、方法により算出すること。
A49: ⑤ 自家用車を利用した場合、出発地と目的地間の最短距離(㎞ 端数切捨)に１７円を乗じた額とする。
A50: また、有料道路利用の場合は、領収書または利用証明書を添付すること。
A51: ⑥ 加盟団体等が定めた取扱等がある場合は、その取扱等により計算した額とすること。但し、本会の基準で計算した額を
A52: 上限とし、超過する場合は補助対象外とする。(注) この場合は、加盟団体等が定めた取扱等を提出すること。
A53: ⑦ 公共交通機関を利用した場合は、利用区間名(バス停、駅)を記入すること。

Sheet 様式２－６⑫事業別領収書１（選手強化）
A1: 様式２－６⑫事業別領収書１
G3: 令和 | J3: 7 | L3: 年度 | P3: 選手強化費 領収書１
A5: 団体名 | G5: 宮崎県アイスホッケー連盟
AC7: 作成者名（ 齋藤 豊光 ）
A8: No | C8: 氏 名 | J8: 期日 | N8: 交 通 | T8: 支 払 額 | AF8: 受領日 | AP8: 受領 サイン
N9: 区 間 | T9: 交通費 | X9: 宿泊費 | AB9: 雑費
A10: 1 | C10: 中村 里惟 | J10: 46039 | N10: 航空機・ﾊﾞｽ | T10: 17170 | X10: 0 | AB10: 2200 | AF10: 46039
N11: 電車・車(520)㎞
N12: 宮崎～久留米
A13: 2 | X13: 0
A16: 3 | X16: 0
A19: 4 | X19: 0
A22: 5 | X22: 0
A25: 6 | X25: 0
A28: 7 | X28: 0
A31: 8
A34: 9
A37: 10
P40: 合 計 | T40: =SUM(T10:W39) -> 17170 | X40: =SUM(X10:AA39) -> 0 | AB40: =SUM(AB10:AE39) -> 2200 | AF40: 旅費合計 | AL40: =SUM(T40:AE40) -> 19370
A41: 記入責任者氏名( 齋藤 豊光 ) | AB41: 電話番号(０９０－８２２４－０８４２ )
A42: 記入上の注意
A43: ① 金額欄は、同額であっても「同上」、「〃」で記入せず、必ず金額を記入のこと。
A44: ② 受領した本人が自署または押印すること。
A45: 航空機利用の場合、領収書（利用者氏名・利用区間・便名・搭乗日が記載されているもの）を添付すること。
A46: ③ 旅行業者等に交通手段・宿泊等を一括手配（依頼）し利用した場合は、旅行業者の領収書を添付する。
A47: 但し、内訳として交通費と宿泊費の明細を添付のこと。
A48: ④ 交通費は、最も経済的な通常の経路、方法により算出すること。
A49: ⑤ 自家用車を利用した場合、出発地と目的地間の最短距離(㎞ 端数切捨)に１７円を乗じた額とする。
A50: また、有料道路利用の場合は、領収書または利用証明書を添付すること。
A51: ⑥ 加盟団体等が定めた取扱等がある場合は、その取扱等により計算した額とすること。但し、本会の基準で計算した額を
A52: 上限とし、超過する場合は補助対象外とする。(注) この場合は、加盟団体等が定めた取扱等を提出すること。
A53: ⑦ 公共交通機関を利用した場合は、利用区間名(バス停、駅)を記入すること。

Sheet 様式２－６⑬事業別領収書１（選手強化）
A1: 様式２－６⑬事業別領収書１
G3: 令和 | J3: 7 | L3: 年度 | P3: 選手強化費 領収書１
A5: 団体名 | G5: 宮崎県アイスホッケー連盟
AC7: 作成者名（ 齋藤 豊光 ）
A8: No | C8: 氏 名 | J8: 期日 | N8: 交 通 | T8: 支 払 額 | AF8: 受領日 | AP8: 受領 サイン
N9: 区 間 | T9: 交通費 | X9: 宿泊費 | AB9: 雑費
A10: 1 | C10: 蛯原 智仁 | J10: 1/24～ 25 | N10: 航空機・ﾊﾞｽ | T10: 19100 | X10: 6250 | AB10: 2200 | AF10: 46047
N11: 電車・車(600)㎞
N12: 宮崎～福岡
A13: 2 | C13: 中村 里惟 | J13: 1/24～ 25 | N13: 航空機・ﾊﾞｽ | T13: 19390 | X13: 6250 | AB13: 2200 | AF13: 46047
N14: 電車・車(600)㎞
N15: 宮崎～福岡
A16: 3 | C16: 山田 幸治 | J16: 1/24～ 25 | N16: 航空機・ﾊﾞｽ | T16: 19730 | X16: 6250 | AB16: 2200 | AF16: 46047
N17: 電車・車(600)㎞
N18: 宮崎～福岡
A19: 4 | C19: 髙見 翼人 | J19: 1/24～ 25 | N19: 航空機・ﾊﾞｽ | T19: 17810 | X19: 6250 | AB19: 2200 | AF19: 46047
N20: 電車・車(540)㎞
N21: 都城～福岡
A22: 5 | C22: 松本 紘煕 | J22: 1/24～ 25 | N22: 航空機・ﾊﾞｽ | T22: 19780 | X22: 6250 | AB22: 2200 | AF22: 46047
N23: 電車・車(600)㎞
N24: 宮崎～福岡
A25: 6 | C25: 日髙 雅壮 | J25: 1/24～ 25 | N25: 航空機・ﾊﾞｽ | X25: 6250 | AB25: 2200 | AF25: 46047
N26: 電車・車(0)㎞
N27: 宮崎～福岡
A28: 7 | C28: 小林 大祐 | J28: 1/24～ 25 | N28: 航空機・ﾊﾞｽ | X28: 6250 | AB28: 2200 | AF28: 46047
N29: 電車・車(0)㎞
N30: 宮崎～福岡
A31: 8 | C31: 新森 康弘 | J31: 1/24～ 25 | N31: 航空機・ﾊﾞｽ | X31: 6250 | AB31: 2200 | AF31: 46047
N32: 電車・車(0)㎞
N33: 宮崎～福岡
A34: 9 | C34: 児玉 恵吾 | J34: 1/24～ 25 | N34: 航空機・ﾊﾞｽ | X34: 6250 | AB34: 2200 | AF34: 46047
N35: 電車・車(0)㎞
N36: 宮崎～福岡
A37: 10 | C37: 宮城 将嗣 | J37: 1/24～ 25 | N37: 航空機・ﾊﾞｽ | X37: 6250 | AB37: 2200 | AF37: 46047
N38: 電車・車(0)㎞
N39: 宮崎～福岡
P40: 合 計 | T40: =SUM(T10:W39) -> 95810 | X40: =SUM(X10:AA39) -> 62500 | AB40: =SUM(AB10:AE39) -> 22000 | AF40: 旅費合計 | AL40: =SUM(T40:AE40) -> 180310
A41: 記入責任者氏名( 齋藤 豊光 ) | AB41: 電話番号(０９０－８２２４－０８４２ )
A42: 記入上の注意
A43: ① 金額欄は、同額であっても「同上」、「〃」で記入せず、必ず金額を記入のこと。
A44: ② 受領した本人が自署または押印すること。
A45: 航空機利用の場合、領収書（利用者氏名・利用区間・便名・搭乗日が記載されているもの）を添付すること。
A46: ③ 旅行業者等に交通手段・宿泊等を一括手配（依頼）し利用した場合は、旅行業者の領収書を添付する。
A47: 但し、内訳として交通費と宿泊費の明細を添付のこと。
A48: ④ 交通費は、最も経済的な通常の経路、方法により算出すること。
A49: ⑤ 自家用車を利用した場合、出発地と目的地間の最短距離(㎞ 端数切捨)に１７円を乗じた額とする。
A50: また、有料道路利用の場合は、領収書または利用証明書を添付すること。
A51: ⑥ 加盟団体等が定めた取扱等がある場合は、その取扱等により計算した額とすること。但し、本会の基準で計算した額を
A52: 上限とし、超過する場合は補助対象外とする。(注) この場合は、加盟団体等が定めた取扱等を提出すること。
A53: ⑦ 公共交通機関を利用した場合は、利用区間名(バス停、駅)を記入すること。

Sheet 様式２－６⑭事業別領収書１（選手強化）
A1: 様式２－６⑭事業別領収書１
G3: 令和 | J3: 7 | L3: 年度 | P3: 選手強化費 領収書１
A5: 団体名 | G5: 宮崎県アイスホッケー連盟
AC7: 作成者名（ 齋藤 豊光 ）
A8: No | C8: 氏 名 | J8: 期日 | N8: 交 通 | T8: 支 払 額 | AF8: 受領日 | AP8: 受領 サイン
N9: 区 間 | T9: 交通費 | X9: 宿泊費 | AB9: 雑費
A10: 1 | C10: 蛯原 智仁 | J10: 46052 | N10: 航空機・ﾊﾞｽ | T10: 20860 | X10: 0 | AB10: 2200 | AF10: 46052
N11: 電車・車(600)㎞
N12: 宮崎～福岡
A13: 2 | X13: 0
A16: 3 | X16: 0
A19: 4 | X19: 0
A22: 5 | X22: 0
A25: 6 | X25: 0
A28: 7 | X28: 0
A31: 8
A34: 9
A37: 10
P40: 合 計 | T40: =SUM(T10:W39) -> 20860 | X40: =SUM(X10:AA39) -> 0 | AB40: =SUM(AB10:AE39) -> 2200 | AF40: 旅費合計 | AL40: =SUM(T40:AE40) -> 23060
A41: 記入責任者氏名( 齋藤 豊光 ) | AB41: 電話番号(０９０－８２２４－０８４２ )
A42: 記入上の注意
A43: ① 金額欄は、同額であっても「同上」、「〃」で記入せず、必ず金額を記入のこと。
A44: ② 受領した本人が自署または押印すること。
A45: 航空機利用の場合、領収書（利用者氏名・利用区間・便名・搭乗日が記載されているもの）を添付すること。
A46: ③ 旅行業者等に交通手段・宿泊等を一括手配（依頼）し利用した場合は、旅行業者の領収書を添付する。
A47: 但し、内訳として交通費と宿泊費の明細を添付のこと。
A48: ④ 交通費は、最も経済的な通常の経路、方法により算出すること。
A49: ⑤ 自家用車を利用した場合、出発地と目的地間の最短距離(㎞ 端数切捨)に１７円を乗じた額とする。
A50: また、有料道路利用の場合は、領収書または利用証明書を添付すること。
A51: ⑥ 加盟団体等が定めた取扱等がある場合は、その取扱等により計算した額とすること。但し、本会の基準で計算した額を
A52: 上限とし、超過する場合は補助対象外とする。(注) この場合は、加盟団体等が定めた取扱等を提出すること。
A53: ⑦ 公共交通機関を利用した場合は、利用区間名(バス停、駅)を記入すること。

Sheet 様式２－６⑮事業別領収書１（選手強化）
A1: 様式２－６⑮事業別領収書１
G3: 令和 | J3: 7 | L3: 年度 | P3: 選手強化費 領収書１
A5: 団体名 | G5: 宮崎県アイスホッケー連盟
AC7: 作成者名（ 齋藤 豊光 ）
A8: No | C8: 氏 名 | J8: 期日 | N8: 交 通 | T8: 支 払 額 | AF8: 受領日 | AP8: 受領 サイン
N9: 区 間 | T9: 交通費 | X9: 宿泊費 | AB9: 雑費
A10: 1 | C10: 宮城 将嗣 | J10: 46060 | N10: 航空機・ﾊﾞｽ | T10: 11040 | X10: 0 | AB10: 2200 | AF10: 46060
N11: 電車・車(370)㎞
N12: 清武～熊本
A13: 2 | C13: 山田 幸司 | J13: 46060 | N13: 航空機・ﾊﾞｽ | T13: 12320 | X13: 0 | AB13: 2200 | AF13: 46060
N14: 電車・車(380)㎞
N15: 宮崎～熊本
A16: 3
A19: 4
A22: 5
A25: 6
A28: 7
A31: 8
A34: 9
A37: 10
P40: 合 計 | T40: =SUM(T10:W39) -> 23360 | X40: =SUM(X10:AA39) -> 0 | AB40: =SUM(AB10:AE39) -> 4400 | AF40: 旅費合計 | AL40: =SUM(T40:AE40) -> 27760
A41: 記入責任者氏名( 齋藤 豊光 ) | AB41: 電話番号(０９０－８２２４－０８４２ )
A42: 記入上の注意
A43: ① 金額欄は、同額であっても「同上」、「〃」で記入せず、必ず金額を記入のこと。
A44: ② 受領した本人が自署または押印すること。
A45: 航空機利用の場合、領収書（利用者氏名・利用区間・便名・搭乗日が記載されているもの）を添付すること。
A46: ③ 旅行業者等に交通手段・宿泊等を一括手配（依頼）し利用した場合は、旅行業者の領収書を添付する。
A47: 但し、内訳として交通費と宿泊費の明細を添付のこと。
A48: ④ 交通費は、最も経済的な通常の経路、方法により算出すること。
A49: ⑤ 自家用車を利用した場合、出発地と目的地間の最短距離(㎞ 端数切捨)に１７円を乗じた額とする。
A50: また、有料道路利用の場合は、領収書または利用証明書を添付すること。
A51: ⑥ 加盟団体等が定めた取扱等がある場合は、その取扱等により計算した額とすること。但し、本会の基準で計算した額を
A52: 上限とし、超過する場合は補助対象外とする。(注) この場合は、加盟団体等が定めた取扱等を提出すること。
A53: ⑦ 公共交通機関を利用した場合は、利用区間名(バス停、駅)を記入すること。

Sheet 様式２－６⑯事業別領収書１（選手強化）
A1: 様式２－６⑯事業別領収書１
G3: 令和 | J3: 7 | L3: 年度 | P3: 選手強化費 領収書１
A5: 団体名 | G5: 宮崎県アイスホッケー連盟
AC7: 作成者名（ 齋藤 豊光 ）
A8: No | C8: 氏 名 | J8: 期日 | N8: 交 通 | T8: 支 払 額 | AF8: 受領日 | AP8: 受領 サイン
N9: 区 間 | T9: 交通費 | X9: 宿泊費 | AB9: 雑費
A10: 1 | C10: 蛯原 智仁 | J10: 46074 | N10: 航空機・ﾊﾞｽ | T10: 13250 | X10: 0 | AB10: 2200 | AF10: 46074
N11: 電車・車(370)㎞
N12: 清武～熊本
A13: 2 | C13: 山田 幸司 | J13: 46074 | N13: 航空機・ﾊﾞｽ | T13: 13460 | X13: 0 | AB13: 2200 | AF13: 46074
N14: 電車・車(380)㎞
N15: 宮崎～熊本
A16: 3
A19: 4
A22: 5
A25: 6
A28: 7
A31: 8
A34: 9
A37: 10
P40: 合 計 | T40: =SUM(T10:W39) -> 26710 | X40: =SUM(X10:AA39) -> 0 | AB40: =SUM(AB10:AE39) -> 4400 | AF40: 旅費合計 | AL40: =SUM(T40:AE40) -> 31110
A41: 記入責任者氏名( 齋藤 豊光 ) | AB41: 電話番号(０９０－８２２４－０８４２ )
A42: 記入上の注意
A43: ① 金額欄は、同額であっても「同上」、「〃」で記入せず、必ず金額を記入のこと。
A44: ② 受領した本人が自署または押印すること。
A45: 航空機利用の場合、領収書（利用者氏名・利用区間・便名・搭乗日が記載されているもの）を添付すること。
A46: ③ 旅行業者等に交通手段・宿泊等を一括手配（依頼）し利用した場合は、旅行業者の領収書を添付する。
A47: 但し、内訳として交通費と宿泊費の明細を添付のこと。
A48: ④ 交通費は、最も経済的な通常の経路、方法により算出すること。
A49: ⑤ 自家用車を利用した場合、出発地と目的地間の最短距離(㎞ 端数切捨)に１７円を乗じた額とする。
A50: また、有料道路利用の場合は、領収書または利用証明書を添付すること。
A51: ⑥ 加盟団体等が定めた取扱等がある場合は、その取扱等により計算した額とすること。但し、本会の基準で計算した額を
A52: 上限とし、超過する場合は補助対象外とする。(注) この場合は、加盟団体等が定めた取扱等を提出すること。
A53: ⑦ 公共交通機関を利用した場合は、利用区間名(バス停、駅)を記入すること。

Sheet 様式２－６⑰事業別領収書１（選手強化）
A1: 様式２－６⑰事業別領収書１
G3: 令和 | J3: 7 | L3: 年度 | P3: 選手強化費 領収書１
A5: 団体名 | G5: 宮崎県アイスホッケー連盟
AC7: 作成者名（ 齋藤 豊光 ）
A8: No | C8: 氏 名 | J8: 期日 | N8: 交 通 | T8: 支 払 額 | AF8: 受領日 | AP8: 受領 サイン
N9: 区 間 | T9: 交通費 | X9: 宿泊費 | AB9: 雑費
A10: 1 | C10: 山田 幸司 | J10: 2/28～ 3/1 | N10: 航空機・ﾊﾞｽ | T10: 19730 | X10: 6250 | AB10: 2200 | AF10: 46082
N11: 電車・車(600)㎞
N12: 宮崎～福岡
A13: 2 | C13: 松本 紘煕 | J13: 2/28～ 3/1 | N13: 航空機・ﾊﾞｽ | T13: 19730 | X13: 6250 | AB13: 2200 | AF13: 46082
N14: 電車・車(600)㎞
N15: 宮崎～福岡
A16: 3 | C16: 宮城 将嗣 | J16: 2/28～ 3/1 | N16: 航空機・ﾊﾞｽ | T16: 0 | X16: 6250 | AB16: 2200 | AF16: 46082
N17: 電車・車(0)㎞
N18: 宮崎～福岡
A19: 4
A22: 5
A25: 6
A28: 7
A31: 8
A34: 9
A37: 10
P40: 合 計 | T40: =SUM(T10:W39) -> 39460 | X40: =SUM(X10:AA39) -> 18750 | AB40: =SUM(AB10:AE39) -> 6600 | AF40: 旅費合計 | AL40: =SUM(T40:AE40) -> 64810
A41: 記入責任者氏名( 齋藤 豊光 ) | AB41: 電話番号(０９０－８２２４－０８４２ )
A42: 記入上の注意
A43: ① 金額欄は、同額であっても「同上」、「〃」で記入せず、必ず金額を記入のこと。
A44: ② 受領した本人が自署または押印すること。
A45: 航空機利用の場合、領収書（利用者氏名・利用区間・便名・搭乗日が記載されているもの）を添付すること。
A46: ③ 旅行業者等に交通手段・宿泊等を一括手配（依頼）し利用した場合は、旅行業者の領収書を添付する。
A47: 但し、内訳として交通費と宿泊費の明細を添付のこと。
A48: ④ 交通費は、最も経済的な通常の経路、方法により算出すること。
A49: ⑤ 自家用車を利用した場合、出発地と目的地間の最短距離(㎞ 端数切捨)に１７円を乗じた額とする。
A50: また、有料道路利用の場合は、領収書または利用証明書を添付すること。
A51: ⑥ 加盟団体等が定めた取扱等がある場合は、その取扱等により計算した額とすること。但し、本会の基準で計算した額を
A52: 上限とし、超過する場合は補助対象外とする。(注) この場合は、加盟団体等が定めた取扱等を提出すること。
A53: ⑦ 公共交通機関を利用した場合は、利用区間名(バス停、駅)を記入すること。

Sheet 様式２－４　事業実施・実績報告書（トップチーム）
A1: 様式２－４事業実施・実績報告書
B4: 令和 | D4: 年度 | E4: トップチーム活用事業実施状況（実績報告）
F7: 団体名
I9: 令和 年 月 日
A10: ねらい
A11: 期 日 | C11: 令和 年 月 日（ ）～ 月 日（ ）
A12: 会 場
A13: 招待チーム
A14: 本県チーム
A15: 参加人数計 | C15: 招待チーム 名 本県チーム 名
A16: 内 容 | C16: 強化練習試合 ・ 合同練習
A17: 日程及び内容
A18: 事業の成果
A24: ※本県チームについては、国スポに向けた強化を図る種別の強化選手（候補も含む）数を記載する。
G26: 事務担当者名
G27: 電 話
G28: ＦＡＸ
G29: 緊急連絡先

Sheet 様式２－４①②　事業実施・実績報告書（ふるさと）
A1: 様式２－４①②事業実施・実績報告書
B3: 令和 | E3: 7 | G3: 年度 | K3: ③ふるさと選手活動支援事業実施報告書
A5: 団体名 | D5: アイスホッケー連盟
A7: 事 業 名 | D7: 強化練習 ・ 遠征試合 ・ 訪 問 | U7: 強化練習 ・ 遠征試合 ・ 訪 問
D8: 注：強化練習は、合宿練習も含む。遠征試合は、本県の国スポチームとして強化を図るための強化試合を意味する。 | U8: 注：強化練習は、合宿練習も含む。遠征試合は、本県の国スポチームとして強化を図るための強化試合を意味する。
A9: 期 日 | D9: 令和 ７ 年 ５ 月 ２４日（土） | U9: 令和 ７ 年 ６ 月 １４日（土）
A10: 場所 | B10: 会 場 | D10: 福岡オービジョンアリーナ | U10: 福岡オービジョンアリーナ
B11: 宿舎名 | D11: 宿泊なし | U11: 宿泊なし
A12: 参 加 人 員 | D12: 男 | F12: （ | G12: 7 | I12: ） | J12: 名 | L12: ・ | M12: 女 | O12: （ | P12: 0 | R12: ） | S12: 名 | U12: 男 | W12: （ | X12: 7 | Z12: ） | AA12: 名 | AC12: ・ | AD12: 女 | AF12: （ | AG12: 0 | AI12: ） | AJ12: 名
A13: ※参加者名簿別途
A14: 支 出 の 内 訳 | B14: 科 目 | D14: 金 額 | H14: 内 訳 | U14: 金 額 | Y14: 内 訳
B15: 交 通 費 | D15: 14110 | H15: ・交通費：14,110円（7台） | U15: 14110 | Y15: ・交通費：14,110円（7台） | AP15: ､110
B16: 宿 泊 費 | D16: =IF(OR(I16="",N16="",R16=""),"",(I16*N16*R16)) | L16: 円 | M16: × | P16: 泊 | U16: =IF(OR(Z16="",AE16="",AI16=""),"",(Z16*AE16*AI16)) | AC16: 円 | AD16: × | AG16: 泊
B17: 旅行雑費 | D17: 15400 | H17: ・2,200円×７名 | U17: 15400 | Y17: ・2,200円×７名
B18: 需 用 費 | D18: =IF(OR(I18="",O18=""),"",(I18*O18))
B19: 役 務 費 | D19: =IF(OR(I19="",O19=""),"",(I19*O19))
B20: その他
B24: 計 | D24: =SUM(D15:G23) -> 29510 | U24: =SUM(U15:X23) -> 29510
A25: 日程及び内容 | D25: ２１：１５・・大分選抜との合同練習 （ １ ： ９ ） ２３：００・・終了 | U25: ２１：１５・・九州大学との練習試合 （ ２ 対 ４ ） ２３：００・・終了
A32: 事業の成果 ※本県の強化活動におけるこの事業の成果を記載 | D32: 今年度、第１回目の氷上練習のための遠征である。昨年度、競技力向上推進員の松野選手が出場できず、結果的に６位となった。今年度は、手続きも完了し本国スポ出場を目指す。 | U32: 今年度、２回目の氷上練習である。今回は、県スポーツ振興課競技力向上係の西山先生の視察激励を頂きながら、今年度九州ブロック大会通過のための前哨戦を勝利で飾ることができた。
A39: ※ 事業名は、本県競技団体の国スポに向けた強化活動（個人の大会参加は対象外）として 該当するものに○を付ける。
A41: ※ 参加人員は、ふるさと選手の数を記載すること。

Sheet 様式２－４③④事業実施・実績報告（ふるさと）
A1: 様式２－４③④事業実施・実績報告書
B3: 令和 | E3: 7 | G3: 年度 | K3: ③ふるさと選手活動支援事業実施報告書
A5: 団体名 | D5: アイスホッケー連盟
A7: 事 業 名 | D7: 強化練習 ・ 遠征試合 ・ 訪 問 | U7: 強化練習 ・ 遠征試合 ・ 訪 問
D8: 注：強化練習は、合宿練習も含む。遠征試合は、本県の国スポチームとして強化を図るための強化試合を意味する。 | U8: 注：強化練習は、合宿練習も含む。遠征試合は、本県の国スポチームとして強化を図るための強化試合を意味する。
A9: 期 日 | D9: 令和 ７年 ８ 月２４日（土） | U9: 令和 ７ 年 ９ 月１３日（土）
A10: 場所 | B10: 会 場 | D10: スポガ久留米 | U10: スポガ久留米
B11: 宿舎名 | D11: 宿泊なし | U11: 宿泊なし
A12: 参 加 人 員 | D12: 男 | F12: （ | G12: 7 | I12: ） | J12: 名 | L12: ・ | M12: 女 | O12: （ | P12: 0 | R12: ） | S12: 名 | U12: 男 | W12: （ | X12: 7 | Z12: ） | AA12: 名 | AC12: ・ | AD12: 女 | AF12: （ | AI12: ） | AJ12: 名
A13: ※参加者名簿別途
A14: 支 出 の 内 訳 | B14: 科 目 | D14: 金 額 | H14: 内 訳 | U14: 金 額 | Y14: 内 訳
B15: 交 通 費 | D15: 10455 | H15: ・交通費：8,415円（5台） ・高速料：2,040円（古賀↔久留米） | U15: 10895 | Y15: ・交通費：8,415円（5台） ・高速料：2,480円（古賀↔久留米）
B16: 宿 泊 費 | D16: =IF(OR(I16="",N16="",R16=""),"",(I16*N16*R16)) | L16: 円 | M16: × | P16: 泊 | AC16: 円 | AD16: × | AG16: 泊
B17: 旅行雑費 | D17: 15400 | H17: 2,200円×７名 | U17: 15400 | Y17: 2,200円×７名
B18: 需 用 費 | D18: =IF(OR(I18="",O18=""),"",(I18*O18))
B19: 役 務 費 | D19: =IF(OR(I19="",O19=""),"",(I19*O19))
B20: その他
B24: 計 | D24: =SUM(D15:G23) -> 25855 | U24: =SUM(U15:X23) -> 26295
A25: 日程及び内容 | D25: 令和７年８月２４日（土） 22:15～23:45 遠征試合 〇宮崎県選抜 対 鹿児島県選抜 ８ ２ | U25: 令和７年９月１３日（土） 22:15～23:45 参加：宮崎県選抜、鹿児島県選抜 久留米クラブ
A32: 事業の成果 ※本県の強化活動におけるこの事業の成果を記載 | D32: 夏の練習に閉鎖中の体育館を借用してのインラインスケートトレーニングを取り入れた。その成果を検証する遠征試合であった。 | U32: 宮崎県選抜、鹿児島県選抜、久留米クラブ３チームによる強化練習であった。シーズンを前にして今年の課題確認の機会となった。
A38: 記入責任者氏名（ 齋藤 豊光 ） 電話番号（090-8224-0842）
A39: ※ 事業名は、本県競技団体の国スポに向けた強化活動（個人の大会参加は対象外）として 該当するものに○を付ける。
A41: ※ 参加人員は、ふるさと選手の数を記載すること。

Sheet 様式２－４➄⑥事業実施・実績報告（ふるさと）
A1: 様式２－４➄⑥事業実施・実績報告書
B3: 令和 | E3: 7 | G3: 年度 | K3: ③ふるさと選手活動支援事業実施報告書
A5: 団体名 | D5: アイスホッケー連盟
A7: 事 業 名 | D7: 強化練習 ・ 遠征試合 ・ 訪 問 | U7: 強化練習 ・ 遠征試合 ・ 訪 問
D8: 注：強化練習は、合宿練習も含む。遠征試合は、本県の国スポチームとして強化を図るための強化試合を意味する。 | U8: 注：強化練習は、合宿練習も含む。遠征試合は、本県の国スポチームとして強化を図るための強化試合を意味する。
A9: 期 日 | D9: 令和 ７ 年 ９月２７日（土） | U9: 令和 ７ 年１０月４日（土）
A10: 場所 | B10: 会 場 | D10: 福岡オービジョンアリーナ | U10: スポガ久留米
B11: 宿舎名 | D11: 宿泊なし | U11: 宿泊なし
A12: 参 加 人 員 | D12: 男 | F12: （ | G12: 8 | I12: ） | J12: 名 | L12: ・ | M12: 女 | O12: （ | P12: 0 | R12: ） | S12: 名 | U12: 男 | W12: （ | X12: 13 | Z12: ） | AA12: 名 | AC12: ・ | AD12: 女 | AF12: （ | AI12: ） | AJ12: 名
A13: ※参加者名簿別途
A14: 支 出 の 内 訳 | B14: 科 目 | D14: 金 額 | H14: 内 訳 | U14: 金 額 | Y14: 内 訳
B15: 交 通 費 | D15: 93770 | H15: ・交通費：14,110円（７台） ・航空券：79,660円（羽田↔福岡） | U15: 8415 | Y15: 交通費：8,415円（５台）
B16: 宿 泊 費 | D16: =IF(OR(I16="",N16="",R16=""),"",(I16*N16*R16)) | L16: 円 | M16: × | P16: 泊 | AC16: 円 | AD16: × | AG16: 泊
B17: 旅行雑費 | D17: 17600 | H17: 2,200円（８名） | U17: 15400 | Y17: 2,200円（7名）
B18: 需 用 費 | D18: =IF(OR(I18="",O18=""),"",(I18*O18))
B19: 役 務 費 | D19: =IF(OR(I19="",O19=""),"",(I19*O19))
B20: その他
B24: 計 | D24: =SUM(D15:G23) -> 111370 | U24: =SUM(U15:X23) -> 23815
A25: 日程及び内容 | D25: 令和７年９月２７日（土） 23:00～24:30 練習試合 ●宮崎県選抜 対 福岡ブルーインズ ７ ８ | U25: 令和７年１０月４日（土） 22:15～23:45 強化練習 参加：宮崎県選抜・鹿児島県選抜 久留米クラブ
A32: 事業の成果 ※本県の強化活動におけるこの事業の成果を記載 | D32: シーズン入りを前にした、課題発見の試合。国スポ出場権獲得のための課題が見つかる。 | U32: 今年の課題解決のための練習計画に基づき、練習メニューを実施した。
A38: 記入責任者氏名（ 齋藤 豊光 ） 電話番号（090-8224-0842）
A39: ※ 事業名は、本県競技団体の国スポに向けた強化活動（個人の大会参加は対象外）として 該当するものに○を付ける。
A41: ※ 参加人員は、ふるさと選手の数を記載すること。

Sheet 様式４－２⑦⑧事業実施・実績報告（ふるさと）
A1: 様式２－４⑦⑧事業実施・実績報告書
B3: 令和 | E3: 7 | G3: 年度 | K3: ③ふるさと選手活動支援事業実施報告書
A5: 団体名 | D5: アイスホッケー連盟
A7: 事 業 名 | D7: 強化練習 ・ 遠征試合 ・ 訪 問 | U7: 強化練習 ・ 遠征試合 ・ 訪 問
D8: 注：強化練習は、合宿練習も含む。遠征試合は、本県の国スポチームとして強化を図るための強化試合を意味する。 | U8: 注：強化練習は、合宿練習も含む。遠征試合は、本県の国スポチームとして強化を図るための強化試合を意味する。
A9: 期 日 | D9: 令和 ７ 年１０月２５日（土） | U9: 令和 ７年１１月 ８日（土）
A10: 場所 | B10: 会 場 | D10: スポガ久留米 | U10: 福岡オービジョンアリーナ
B11: 宿舎名 | D11: ホテルAZ久留米 | U11: ホテルキャビナス福岡
A12: 参 加 人 員 | D12: 男 | F12: （ | G12: 10 | I12: ） | J12: 名 | L12: ・ | M12: 女 | O12: （ | P12: 0 | R12: ） | S12: 名 | U12: 男 | W12: （ | X12: 9 | Z12: ） | AA12: 名 | AC12: ・ | AD12: 女 | AF12: （ | AI12: ） | AJ12: 名
A13: ※参加者名簿別途
A14: 支 出 の 内 訳 | B14: 科 目 | D14: 金 額 | H14: 内 訳 | U14: 金 額 | Y14: 内 訳
B15: 交 通 費 | D15: 141685 | H15: ・航空券：80,100円（羽田↔福岡） ・新幹線：17,880円（仙台↔久留米） ・新幹線：32,890円（西明石↔久留米） ・交通費：10,815円（５台） | U15: 69370 | Y15: ・新幹線：27,080円（兵庫↔博多） ・新幹線：28,180円（西明石↔博多） ・交通費：14,110円（7台）
B16: 宿 泊 費 | D16: 12500 | I16: 6､250 | L16: 円 | M16: × | N16: 2 | P16: 名 | Q16: × | R16: 1 | T16: 泊 | U16: 11240 | Z16: 5､620 | AC16: 円 | AD16: × | AE16: 2 | AG16: 名 | AH16: × | AI16: 1 | AK16: 泊 | AN16: 80100
B17: 旅行雑費 | D17: 22000 | H17: 2,200円（10名） | U17: 19800 | Y17: 2,200円（9名） | AN17: 17880
B18: 需 用 費 | D18: =IF(OR(I18="",O18=""),"",(I18*O18)) | AN18: 32890
B19: 役 務 費 | D19: =IF(OR(I19="",O19=""),"",(I19*O19)) | AN19: 10815
B20: その他 | AN20: =SUM(AN16:AN19) -> 141685
AN21: 12500
AN22: 22000
B24: 計 | D24: =SUM(D15:G23) -> 176185 | U24: =SUM(U15:X23) -> 100410
A25: 日程及び内容 | D25: 令和７年１０月２５日（土） 22:15～22:45 宮崎県選抜と鹿児島県選抜の合同練習 | U25: 令和７年１１月８日（土） 練習試合 23:00～24:30 宮崎県選抜 ４ 対 ７ 福岡県選抜
A32: 事業の成果 ※本県の強化活動におけるこの事業の成果を記載 | D32: 今年の九州ブロックでは対戦しない相手であり、本県競技力推進員の松野選手の高校、大学の後輩がおり、ある程度の競技力も有し、本県のスキルの向上の機会となった。 | U32: 九州ブロ大会まで残り二か月となり、多額の補助金を頂きながら、遠征強化を図ってきた。九州チャンピオンの福岡県に善戦した。反省点をクリアして、次回に臨見たい。
A38: 記入責任者氏名（ 齋藤 豊光 ） 電話番号（090-8224-0842）
A39: ※ 事業名は、本県競技団体の国スポに向けた強化活動（個人の大会参加は対象外）として 該当するものに○を付ける。
A41: ※ 参加人員は、ふるさと選手の数を記載すること。

Sheet Sheet4

Sheet 様式４－２⑨⑩事業実施・実績報告（ふるさと）
A1: 様式２－４⑨⑩事業実施・実績報告書
B3: 令和 | E3: 7 | G3: 年度 | K3: ③ふるさと選手活動支援事業実施報告書
A5: 団体名 | D5: アイスホッケー連盟
A7: 事 業 名 | D7: 強化練習 ・ 遠征試合 ・ 訪 問 | U7: 強化練習 ・ 遠征試合 ・ 訪 問
D8: 注：強化練習は、合宿練習も含む。遠征試合は、本県の国スポチームとして強化を図るための強化試合を意味する。 | U8: 注：強化練習は、合宿練習も含む。遠征試合は、本県の国スポチームとして強化を図るための強化試合を意味する。
A9: 期 日 | D9: 令和 ７ 年１１月２２日（土） | U9: 令和７年１２月２７日（土）
A10: 場所 | B10: 会 場 | D10: 久留米市スポガ久留米 | U10: 久留米市スポガ久留米
B11: 宿舎名 | D11: 宿泊なし | U11: 宿泊なし
A12: 参 加 人 員 | D12: 男 | F12: （ | G12: 7 | I12: ） | J12: 名 | L12: ・ | M12: 女 | O12: （ | P12: 0 | R12: ） | S12: 名 | U12: 男 | W12: （ | X12: 2 | Z12: ） | AA12: 名 | AC12: ・ | AD12: 女 | AF12: （ | AI12: ） | AJ12: 名
A13: ※参加者名簿別途
A14: 支 出 の 内 訳 | B14: 科 目 | D14: 金 額 | H14: 内 訳 | U14: 金 額 | Y14: 内 訳
B15: 交 通 費 | D15: 10895 | H15: ・交通費：8,415円（5台） ・高速料：2,480円（古賀↔久留米） | Y15: 中村リーのみ参加
B16: 宿 泊 費 | D16: =IF(OR(I16="",N16="",R16=""),"",(I16*N16*R16)) | L16: 円 | M16: × | P16: 泊 | AC16: 円 | AD16: × | AG16: 泊
B17: 旅行雑費 | D17: 15400 | H17: 2,200円×７名
B18: 需 用 費 | D18: =IF(OR(I18="",O18=""),"",(I18*O18))
B19: 役 務 費 | D19: =IF(OR(I19="",O19=""),"",(I19*O19))
B20: その他
B24: 計 | D24: =SUM(D15:G23) -> 26295 | U24: =IF(AND(U15="",U16="",U18="",U19="",U20="",U21="",U22="",U23=""),"",SUM(U15,U16,U18,U19,U20,U21,U22,U23))
A25: 日程及び内容 | D25: 令和７年１１月２２日（土） 練習試合 22:15～23:45 宮崎県選抜 ４ 対 ７ 鹿児島・久 留米クラブ | U25: 令和７年１２月２７日（土） 練習試合 22:15～23:45 宮崎県選抜 ４ 対 ７ 鹿児島・久 留米クラブ
D26: ２２：１５～２３：４５ | U26: １８：００～２０：００
D27: 宮崎県選抜 ８対１ 鹿児島・久留米ｸﾗﾌﾞ | U27: スケート場主催のスケート教室参加
A32: 事業の成果 ※本県の強化活動におけるこの事業の成果を記載 | D32: ９月の遠征試合の課題を確認し、その対策の確認の場とした。 | U32: 基本から試合まで実施される効果の高いプログラムである。
A38: 記入責任者氏名（ 齋藤 豊光 ） 電話番号（090-8224-0842）
A39: ※ 事業名は、本県競技団体の国スポに向けた強化活動（個人の大会参加は対象外）として 該当するものに○を付ける。
A41: ※ 参加人員は、ふるさと選手の数を記載すること。

Sheet 様式２－４⑪⑫事業実績・実績報告（ふるさと）
A1: 様式２－４⑪⑫事業実施・実績報告書（強化）
A2: 令和 年度 国スポ選手強化プロジェクト（①選手強化費） 事業実施報告書
A4: （ アイスホッケー ）競技
A7: 事 業 名 | D7: 強化練習 ・ 遠征試合 | U7: 強化練習 ・ 遠征試合
D10: （該当するものを○で囲む） | U10: （該当するものを○で囲む）
A11: 種 別 | D11: 成年男子 ・ 成年女子 □ 少年男子 ・ 少年女子 | U11: 成年男子 ・ 成年女子 □ 少年男子 ・ 少年女子
D14: （該当するものを○で囲む） | U14: （該当するものを○で囲む）
A15: 期 日 | D15: 令和 ８ 年 １ 月 １０ 日（土 ） | U15: 令和 ８ 年 １ 月 １７ 日（土 ）
A16: 場所 | B16: 会 場 | D16: えびの高原スケート場 | U16: スポガ久留米
B17: 宿舎名 | D17: 宿泊なし | U17: 宿泊なし
A18: 参 加 人 員 | D18: 指導者 | G18: 1 | I18: 名 | K18: 選手 | O18: 名 | U18: 指導者 | X18: 1 | Z18: 名 | AB18: 選手 | AF18: 名
Q19: 計 | R19: =IF(OR(G18="",M18=""),"",SUM(G18,M18)) | T19: 名 | AH19: 計 | AI19: =IF(OR(X18="",AD18=""),"",SUM(X18,AD18)) | AK19: 名
A20: 支 出 の 内 訳 | B20: 科 目 | D20: 金 額 | H20: 内 訳 | U20: 金 額 | Y20: 内 訳
B21: 交 通 費 | H21: ・高速：
B22: 宿 泊 費 | L22: 円 | M22: × | P22: 名 | Q22: × | T22: 泊 | U22: =IF(OR(Z22="",AE22="",AI22=""),"",(Z22*AE22*AI22)) | AC22: 円 | AD22: × | AG22: 名 | AH22: × | AK22: 泊
B23: 旅行雑費 | L23: 円 | M23: × | P23: 名 | Q23: × | T23: 日 | U23: =IF(OR(Z23="",AE23="",AI23=""),"",(Z23*AE23*AI23)) | AC23: 円 | AD23: × | AG23: 名 | AH23: × | AK23: 日
B24: 駐 車 料 | U24: =IF(OR(Z24="",AE24="",AI24=""),"",(Z24*AE24*AI24))
B25: 借 用 料 | L25: 円 | M25: × | P25: 日 | U25: =IF(OR(Z25="",AF25=""),"",(Z25*AF25)) | AC25: 円 | AD25: × | AG25: 日
B26: 需 用 費 | U26: =IF(OR(Z26="",AF26=""),"",(Z26*AF26))
B27: 役 務 費
B28: そ の 他 | H28: 蛯原の高速使用料のみ発生 | Y28: 中村リーのみ参加
B34: 計 | D34: =SUM(D21:G33) -> 0 | U34: =SUM(U21:X33) -> 0
A35: 日程及び内容
D36: 令和８年１月１０日（土） 時間 １８：００～２０：００ 宮崎選抜、鹿児島選抜の合同練習 | U36: 令和８年１月17日（土） 時間 １８：００～２０：００ 宮崎選抜、鹿児島選抜の合同練習
D37: １８：００～２０：００ | U37: １８：００～２２：００
D38: 宮崎県選抜・鹿児島県選抜・久留米ｸﾗﾌﾞ | U38: スケート主催のスケート教室参加
D39: 合同強化練習
A41: 事業の成果
A47: 記入責任者氏名（ ） 電話番号（ ）

Sheet 様式４－２⑬⑭事業実施・実施報告（ふるさと）
A1: 様式２－４⑬⑭事業実施・実績報告書
B3: 令和 | E3: 7 | G3: 年度 | K3: ③ふるさと選手活動支援事業実施報告書
A5: 団体名 | D5: アイスホッケー連盟
A7: 事 業 名 | D7: 強化練習 ・ 遠征試合 ・ 訪 問 | U7: 強化練習 ・ 遠征試合 ・ 訪 問
D8: 注：強化練習は、合宿練習も含む。遠征試合は、本県の国スポチームとして強化を図るための強化試合を意味する。 | U8: 注：強化練習は、合宿練習も含む。遠征試合は、本県の国スポチームとして強化を図るための強化試合を意味する。
A9: 期 日 | D9: 令和８年１月２4日～２５日 | U9: 46052
A10: 場所 | B10: 会 場 | D10: 福岡オーヴィジョンアリーナ | U10: 福岡オーヴィジョンアリーナ
B11: 宿舎名 | D11: ホテルAZ金隈 | U11: 宿泊なし
A12: 参 加 人 員 | D12: 男 | F12: （ | G12: 8 | I12: ） | J12: 名 | L12: ・ | M12: 女 | O12: （ | P12: 0 | R12: ） | S12: 名 | U12: 男 | W12: （ | X12: 2 | Z12: ） | AA12: 名 | AC12: ・ | AD12: 女 | AF12: （ | AI12: ） | AJ12: 名
A13: ※参加者名簿別途
A14: 支 出 の 内 訳 | B14: 科 目 | D14: 金 額 | H14: 内 訳 | U14: 金 額 | Y14: 内 訳
B15: 交 通 費 | D15: 61628 | H15: ・交通費：14,110円（7台） ・航空券：47,518円（羽田↔福岡） | Y15: 蛯原・中村２名、西南学院大学練習参加
B16: 宿 泊 費 | D16: =IF(OR(I16="",N16="",R16=""),"",(I16*N16*R16)) | L16: 円 | M16: × | P16: 泊 | AC16: 円 | AD16: × | AG16: 泊
B17: 旅行雑費 | D17: 17600 | H17: 2,200円×8名 | Y17: 強化費のみ
B18: 需 用 費 | D18: =IF(OR(I18="",O18=""),"",(I18*O18))
B19: 役 務 費 | D19: =IF(OR(I19="",O19=""),"",(I19*O19))
B20: その他
B24: 計 | D24: =SUM(D15:G23) -> 79228 | U24: =IF(AND(U15="",U16="",U18="",U19="",U20="",U21="",U22="",U23=""),"",SUM(U15,U16,U18,U19,U20,U21,U22,U23))
A25: 日程及び内容 | D25: 令和８年１月２4日～２５日 | U25: 46052
D26: （１）１月２４日（土）19:30～21:00 | U26: （１）１月３０日（土）24:30～26:00
D27: 福岡選抜 ７対３ 宮崎選抜 （２）１月２５日（日）7:00～8:30 | U27: 西南学院大学の練習参加
D29: （２）１月２５日（日）7:00～8:30
D30: 単独練習
A32: 事業の成果 ※本県の強化活動におけるこの事業の成果を記載 | D32: 今回の遠征は、青森国スポの対戦相手の 京都府を想定しての布陣と戦略を立て、今回の福岡選抜との試合とした。 翌朝を前夜の試合の反省練習と位置づけた | U32: 髙見選手、松野選手の両選手を迎え、本県選手団の競技力が向上した。さらに、今年の国スポの目標競技点数の５点を獲得するために、選抜チームの遠征計画以外に単独の練習参加も可とした。若手の意識と自覚が向上した。
A38: 記入責任者氏名（ 齋藤 豊光 ） 電話番号（090-8224-0842）
A39: ※ 事業名は、本県競技団体の国スポに向けた強化活動（個人の大会参加は対象外）として 該当するものに○を付ける。
A41: ※ 参加人員は、ふるさと選手の数を記載すること。

Sheet 様式４－２⑮⑯事業実施・実施報告（ふるさと）
A1: 様式２－４⑮⑯事業実施・実績報告書
B3: 令和 | E3: 7 | G3: 年度 | K3: ③ふるさと選手活動支援事業実施報告書
A5: 団体名 | D5: アイスホッケー連盟
A7: 事 業 名 | D7: 強化練習 ・ 遠征試合 ・ 訪 問 | U7: 強化練習 ・ 遠征試合 ・ 訪 問
D8: 注：強化練習は、合宿練習も含む。遠征試合は、本県の国スポチームとして強化を図るための強化試合を意味する。 | U8: 注：強化練習は、合宿練習も含む。遠征試合は、本県の国スポチームとして強化を図るための強化試合を意味する。
A9: 期 日 | D9: 令和 ８ 年２月７日（土） | U9: 令和 ８ 年２月21日（土）
A10: 場所 | B10: 会 場 | D10: 熊本アクアドーム | U10: 熊本アクアドーム
B11: 宿舎名 | D11: 宿泊なし | U11: 宿泊なし
A12: 参 加 人 員 | D12: 男 | F12: （ | G12: 2 | I12: ） | J12: 名 | L12: ・ | M12: 女 | O12: （ | P12: 0 | R12: ） | S12: 名 | U12: 男 | W12: （ | X12: 2 | Z12: ） | AA12: 名 | AC12: ・ | AD12: 女 | AF12: （ | AI12: ） | AJ12: 名
A13: ※参加者名簿別途
A14: 支 出 の 内 訳 | B14: 科 目 | D14: 金 額 | H14: 内 訳 | U14: 金 額 | Y14: 内 訳
B15: 交 通 費 | D15: 7480 | H15: ・交通費：7,480円（２台） | U15: 7480 | Y15: ・交通費：7,480円（２台）
B16: 宿 泊 費 | D16: =IF(OR(I16="",N16="",R16=""),"",(I16*N16*R16)) | L16: 円 | M16: × | P16: 泊 | AC16: 円 | AD16: × | AG16: 泊
B17: 旅行雑費 | D17: 4400 | H17: 2,200円×２名 | U17: 4400 | Y17: 2,200円×２名
B18: 需 用 費 | D18: =IF(OR(I18="",O18=""),"",(I18*O18))
B19: 役 務 費 | D19: =IF(OR(I19="",O19=""),"",(I19*O19))
B20: その他
B24: 計 | D24: =IF(AND(D15="",D16="",D18="",D19="",D20="",D21="",D22="",D23=""),"",SUM(D15,D16,D18,D19,D20,D21,D22,D23)) -> 7480 | U24: =IF(AND(U15="",U16="",U18="",U19="",U20="",U21="",U22="",U23=""),"",SUM(U15,U16,U18,U19,U20,U21,U22,U23)) -> 7480
A25: 日程及び内容 | D25: 46060 | U25: 46074
D26: （１）２月７日（土）19:30～22:00 | U26: （１）２月２１日（土）20:30～22:00
D27: 第44回熊日盾杯アイスホッケー大会 | U27: 熊本スコアJr ７対３ 宮崎・鹿児島選抜 （２）１月２５日（日）7:00～8:30
D28: 熊本ﾌﾞﾙｰｴﾝｼﾞｪﾙ１対２宮崎・鹿児島選抜（２）１月２５日（日）7:00～8:30
A32: 事業の成果 ※本県の強化活動におけるこの事業の成果を記載 | D32: 青森国スポが終了して、最初の公式試合である。次年度の県の競技力を占うことができる。 | U32: 相手は、今年の九州ブロックの優勝県の中心メンバーで構成されたチーム。次年度の効果を感じた。
A38: 記入責任者氏名（ 齋藤 豊光 ） 電話番号（090-8224-0842）
A39: ※ 事業名は、本県競技団体の国スポに向けた強化活動（個人の大会参加は対象外）として 該当するものに○を付ける。
A41: ※ 参加人員は、ふるさと選手の数を記載すること。

Sheet 様式４－２⑰事業実施・実施報告（ふるさと）
A1: 様式２－４⑰事業実施・実績報告書
B3: 令和 | E3: 7 | G3: 年度 | K3: ③ふるさと選手活動支援事業実施報告書
A5: 団体名 | D5: アイスホッケー連盟
A7: 事 業 名 | D7: 強化練習 ・ 遠征試合 ・ 訪 問 | U7: 強化練習 ・ 遠征試合 ・ 訪 問
D8: 注：強化練習は、合宿練習も含む。遠征試合は、本県の国スポチームとして強化を図るための強化試合を意味する。 | U8: 注：強化練習は、合宿練習も含む。遠征試合は、本県の国スポチームとして強化を図るための強化試合を意味する。
A9: 期 日 | D9: 令和 ８ 年２月２８日（土）～３月１日
A10: 場所 | B10: 会 場 | D10: 福岡アクシオン
B11: 宿舎名 | D11: なし
A12: 参 加 人 員 | D12: 男 | F12: （ | G12: 8 | I12: ） | J12: 名 | L12: ・ | M12: 女 | O12: （ | P12: 0 | R12: ） | S12: 名 | U12: 男 | W12: （ | Z12: ） | AA12: 名 | AC12: ・ | AD12: 女 | AF12: （ | AI12: ） | AJ12: 名
A13: ※参加者名簿別途
A14: 支 出 の 内 訳 | B14: 科 目 | D14: 金 額 | H14: 内 訳 | U14: 金 額 | Y14: 内 訳
B15: 交 通 費 | D15: 82606 | H15: ・交通費：14,110円（7台） ・航空券：68,496円（羽田↔福岡）
B16: 宿 泊 費 | D16: =IF(OR(I16="",N16="",R16=""),"",(I16*N16*R16)) | L16: 円 | M16: × | P16: 泊 | AC16: 円 | AD16: × | AG16: 泊
B17: 旅行雑費 | D17: 17600 | H17: 2,200円×（8名）
B18: 需 用 費 | D18: =IF(OR(I18="",O18=""),"",(I18*O18))
B19: 役 務 費 | D19: =IF(OR(I19="",O19=""),"",(I19*O19))
B20: その他
B24: 計 | D24: =SUM(D15:G23) -> 100206 | U24: =IF(AND(U15="",U16="",U18="",U19="",U20="",U21="",U22="",U23=""),"",SUM(U15,U16,U18,U19,U20,U21,U22,U23))
A25: 事業の成果 ※本県の強化活動におけるこの事業の成果を記載
D26: （１）２月２８日（土）
D27: ①13:50～宮崎鹿児島選抜３対９長崎選抜
D29: （２）３月１日（日）9:00～11:00 決勝戦
D30: ②17:20～宮崎鹿児島選抜１対８佐賀選抜
A32: 事業の成果 ※本県の強化活動におけるこの事業の成果を記載 | D32: 今シーズン最後の公式戦。ふるさと選手の日程調整がつかず、併せて鹿児島県との合同チームで臨んだ。優勝は逃したが、一年間の強化練習の成果を感じながら、次年度の課題が見えた。
A38: 記入責任者氏名（ 齋藤 豊光 ） 電話番号（090-8224-0842）
A39: ※ 事業名は、本県競技団体の国スポに向けた強化活動（個人の大会参加は対象外）として 該当するものに○を付ける。
A41: ※ 参加人員は、ふるさと選手の数を記載すること。

Sheet 様式２－５①事業別参加者名簿
A1: 様式２－５①事業別参加者名簿
B3: 令和 | C3: 7 | D3: 年度 | E3: ふるさと選手活動支援 | I3: 参加者名簿
B5: 団体名 | D5: アイスホッケー連盟
A6: 【事業実施日】 | C6: 令和 ７ 年 ５ 月 ２４ 日
A7: 番号 | B7: 監督・選手別 | D7: 氏 名 | G7: 年齢･学年 | H7: 宿泊対象者
H8: 月 日 | I8: 月 日 | J8: 月 日
A9: 1 | B9: 選手 | D9: 渡辺 悟 | E9: 渡辺 悟 | F9: 渡辺 悟 | G9: 51 | M9: 安達 健太郎 | O9: 渡辺 悟
A10: 2 | B10: 選手 | D10: 小田桐尚矢 | E10: 小田桐尚矢 | F10: 小田桐尚矢 | G10: 35 | M10: 小松 湧暉 | O10: 小田桐尚矢
A11: 3 | B11: 選手 | D11: 日髙 友暉 | E11: 日髙 友暉 | F11: 日髙 友暉 | G11: 22 | M11: 小田桐 浩希 | O11: 日髙 友暉
A12: 4 | B12: 選手 | D12: 久高 弘之 | E12: 久高 弘之 | F12: 久高 弘之 | G12: 34 | M12: 齋藤 大地 | O12: 久高 弘之
A13: 5 | B13: 選手 | D13: 大野 航輝 | E13: 大野 航輝 | F13: 大野 航輝 | G13: 27 | M13: 渡辺 悟 | O13: 大野 航輝
A14: 6 | B14: 選手 | D14: 山口 文吾 | E14: 山口 文吾 | F14: 山口 文吾 | G14: 27 | M14: 小田桐 尚矢 | O14: 山口 文吾
A15: 7 | B15: 選手 | D15: 図師 良介 | E15: 図師 良介 | F15: 図師 良介 | G15: 40 | M15: 日髙 友暉 | O15: 図師 良介
A16: 8 | M16: 久高 弘之
A17: 9 | M17: 大野 航輝
A18: 10 | M18: 山口 文吾
A19: 11 | M19: 山口 滉太
A20: 12 | M20: 富高 史也
A21: 13 | M21: 図師 良介
A22: 14
A23: 15
A24: 16
A25: 17
A26: 18
A27: 19
A28: 20
A29: 21
A30: 22
A31: 23
A32: 24
A33: 25
... A36: 28
A37: 記入責任者氏名（ 齋藤 豊光 ） 電話番号（090-8224-0842）
A38: ※ 参加者名簿については、事業実施日ごとに作成すること。
A39: ※ 宿泊費の支出があった者については、宿泊対象者の欄に○を付けること。
A40: ※ 参加者名簿様式は、競技団体の様式でも可。ただし、宿泊対象者がわかるように記載すること。

Sheet 様式２－５②事業別参加者名簿
A1: 様式２－５②事業別参加者名簿
B3: 令和 | C3: 7 | D3: 年度 | E3: ふるさと選手活動支援 | I3: 参加者名簿
B5: 団体名 | D5: アイスホッケー連盟
A6: 【事業実施日】 | C6: 令和 ７ 年 ６ 月 １４ 日
A7: 番号 | B7: 監督・選手別 | D7: 氏 名 | G7: 年齢･学年 | H7: 宿泊対象者
H8: 月 日 | I8: 月 日 | J8: 月 日
A9: 1 | B9: 選手 | D9: 渡辺 悟 | E9: 渡辺 悟 | F9: 渡辺 悟 | G9: 51 | M9: 安達 健太郎 | O9: 渡辺 悟
A10: 2 | B10: 選手 | D10: 小田桐尚矢 | E10: 小田桐尚矢 | F10: 小田桐尚矢 | G10: 35 | M10: 小松 湧暉 | O10: 小田桐尚矢
A11: 3 | B11: 選手 | D11: 日髙 友暉 | E11: 日髙 友暉 | F11: 日髙 友暉 | G11: 22 | M11: 小田桐 浩希 | O11: 日髙 友暉
A12: 4 | B12: 選手 | D12: 久高 弘之 | E12: 久高 弘之 | F12: 久高 弘之 | G12: 34 | M12: 齋藤 大地 | O12: 久高 弘之
A13: 5 | B13: 選手 | D13: 大野 航輝 | E13: 大野 航輝 | F13: 大野 航輝 | G13: 27 | M13: 渡辺 悟 | O13: 大野 航輝
A14: 6 | B14: 選手 | D14: 山口 文吾 | E14: 山口 文吾 | F14: 山口 文吾 | G14: 27 | M14: 小田桐 尚矢 | O14: 山口 文吾
A15: 7 | B15: 選手 | D15: 図師 良介 | E15: 図師 良介 | F15: 図師 良介 | G15: 40 | M15: 日髙 友暉 | O15: 図師 良介
A16: 8 | M16: 久高 弘之
A17: 9 | M17: 大野 航輝
A18: 10 | M18: 山口 文吾
A19: 11 | M19: 山口 滉太
A20: 12 | M20: 富高 史也
A21: 13 | M21: 図師 良介
A22: 14
A23: 15
A24: 16
A25: 17
A26: 18
A27: 19
A28: 20
A29: 21
A30: 22
A31: 23
A32: 24
A33: 25
... A36: 28
A37: 記入責任者氏名（ 齋藤 豊光 ） 電話番号（ 090-8224-0842 ）
A38: ※ 参加者名簿については、事業実施日ごとに作成すること。
A39: ※ 宿泊費の支出があった者については、宿泊対象者の欄に○を付けること。
A40: ※ 参加者名簿様式は、競技団体の様式でも可。ただし、宿泊対象者がわかるように記載すること。

Sheet 様式２－５③事業別参加者名簿
A1: 様式２－５③事業別参加者名簿
B3: 令和 | C3: 7 | D3: 年度 | E3: ふるさと選手活動支援 | I3: 参加者名簿
B5: 団体名 | D5: アイスホッケー連盟
A6: 【事業実施日】 | C6: 令和 ７ 年 ８ 月 ２３ 日
A7: 番号 | B7: 監督・選手別 | D7: 氏 名 | G7: 年齢･学年 | H7: 宿泊対象者
H8: 月 日 | I8: 月 日 | J8: 月 日
A9: 1 | B9: 選手 | D9: 渡辺 悟 | E9: 渡辺 悟 | F9: 渡辺 悟 | G9: 51 | M9: 安達 健太郎 | O9: 渡辺 悟
A10: 2 | B10: 選手 | D10: 小田桐尚矢 | E10: 小田桐尚矢 | F10: 小田桐尚矢 | G10: 35 | M10: 小松 湧暉 | O10: 小田桐尚矢
A11: 3 | B11: 選手 | D11: 日髙 友暉 | E11: 日髙 友暉 | F11: 日髙 友暉 | G11: 22 | M11: 小田桐 浩希 | O11: 日髙 友暉
A12: 4 | B12: 選手 | D12: 久高 弘之 | E12: 久高 弘之 | F12: 久高 弘之 | G12: 34 | M12: 齋藤 大地 | O12: 久高 弘之
A13: 5 | B13: 選手 | D13: 大野 航輝 | E13: 大野 航輝 | F13: 大野 航輝 | G13: 27 | M13: 渡辺 悟 | O13: 大野 航輝
A14: 6 | B14: 選手 | D14: 山口 文吾 | E14: 山口 文吾 | F14: 山口 文吾 | G14: 27 | M14: 小田桐 尚矢 | O14: 山口 文吾
A15: 7 | B15: 選手 | D15: 図師 良介 | E15: 図師 良介 | F15: 図師 良介 | G15: 40 | M15: 日髙 友暉 | O15: 図師 良介
A16: 8 | M16: 久高 弘之
A17: 9 | M17: 大野 航輝
A18: 10 | M18: 山口 文吾
A19: 11 | M19: 山口 滉太
A20: 12 | M20: 富高 史也
A21: 13 | M21: 図師 良介
A22: 14
A23: 15
A24: 16
A25: 17
A26: 18
A27: 19
A28: 20
A29: 21
A30: 22
A31: 23
A32: 24
A33: 25
... A36: 28
A37: 記入責任者氏名（ 齋藤 豊光 ） 電話番号（ 090-8224-0842 ）
A38: ※ 参加者名簿については、事業実施日ごとに作成すること。
A39: ※ 宿泊費の支出があった者については、宿泊対象者の欄に○を付けること。
A40: ※ 参加者名簿様式は、競技団体の様式でも可。ただし、宿泊対象者がわかるように記載すること。

Sheet 様式２－５④事業別参加者名簿
A1: 様式２－５④事業別参加者名簿
B3: 令和 | C3: 7 | D3: 年度 | E3: ふるさと選手活動支援 | I3: 参加者名簿
B5: 団体名 | D5: アイスホッケー連盟
A6: 【事業実施日】 | C6: 令和 ７ 年 ９ 月 １３ 日
A7: 番号 | B7: 監督・選手別 | D7: 氏 名 | G7: 年齢･学年 | H7: 宿泊対象者
H8: 月 日 | I8: 月 日 | J8: 月 日
A9: 1 | B9: 選手 | D9: 渡辺 悟 | E9: 渡辺 悟 | F9: 渡辺 悟 | G9: 51 | M9: 安達 健太郎 | O9: 渡辺 悟
A10: 2 | B10: 選手 | D10: 小田桐尚矢 | E10: 小田桐尚矢 | F10: 小田桐尚矢 | G10: 35 | M10: 小松 湧暉 | O10: 小田桐尚矢
A11: 3 | B11: 選手 | D11: 日髙 友暉 | E11: 日髙 友暉 | F11: 日髙 友暉 | G11: 22 | M11: 小田桐 浩希 | O11: 日髙 友暉
A12: 4 | B12: 選手 | D12: 久高 弘之 | E12: 久高 弘之 | F12: 久高 弘之 | G12: 34 | M12: 齋藤 大地 | O12: 久高 弘之
A13: 5 | B13: 選手 | D13: 大野 航輝 | E13: 大野 航輝 | F13: 大野 航輝 | G13: 27 | M13: 渡辺 悟 | O13: 大野 航輝
A14: 6 | B14: 選手 | D14: 山口 文吾 | E14: 山口 文吾 | F14: 山口 文吾 | G14: 27 | M14: 小田桐 尚矢 | O14: 山口 文吾
A15: 7 | B15: 選手 | D15: 図師 良介 | E15: 図師 良介 | F15: 図師 良介 | G15: 40 | M15: 日髙 友暉 | O15: 図師 良介
A16: 8 | M16: 久高 弘之
A17: 9 | M17: 大野 航輝
A18: 10 | M18: 山口 文吾
A19: 11 | M19: 山口 滉太
A20: 12 | M20: 富高 史也
A21: 13 | M21: 図師 良介
A22: 14
A23: 15
A24: 16
A25: 17
A26: 18
A27: 19
A28: 20
A29: 21
A30: 22
A31: 23
A32: 24
A33: 25
... A36: 28
A37: 記入責任者氏名（ 齋藤 豊光 ） 電話番号（ 090-8224-0842 ）
A38: ※ 参加者名簿については、事業実施日ごとに作成すること。
A39: ※ 宿泊費の支出があった者については、宿泊対象者の欄に○を付けること。
A40: ※ 参加者名簿様式は、競技団体の様式でも可。ただし、宿泊対象者がわかるように記載すること。

Sheet 様式２－５➄事業別参加者名簿
A1: 様式２－５➄事業別参加者名簿
B3: 令和 | C3: 7 | D3: 年度 | E3: ふるさと選手活動支援 | I3: 参加者名簿
B5: 団体名 | D5: アイスホッケー連盟
A6: 【事業実施日】 | C6: 令和 ７ 年 ９ 月 ２７ 日
A7: 番号 | B7: 監督・選手別 | D7: 氏 名 | G7: 年齢･学年 | H7: 宿泊対象者
H8: 月 日 | I8: 月 日 | J8: 月 日
A9: 1 | B9: 選手 | D9: 渡辺 悟 | E9: 渡辺 悟 | F9: 渡辺 悟 | G9: 51 | M9: 安達 健太郎 | O9: 渡辺 悟
A10: 2 | B10: 選手 | D10: 小田桐尚矢 | E10: 小田桐尚矢 | F10: 小田桐尚矢 | G10: 35 | M10: 小松 湧暉 | O10: 小田桐尚矢
A11: 3 | B11: 選手 | D11: 日髙 友暉 | E11: 日髙 友暉 | F11: 日髙 友暉 | G11: 22 | M11: 小田桐 浩希 | O11: 日髙 友暉
A12: 4 | B12: 選手 | D12: 久高 弘之 | E12: 久高 弘之 | F12: 久高 弘之 | G12: 34 | M12: 齋藤 大地 | O12: 久高 弘之
A13: 5 | B13: 選手 | D13: 大野 航輝 | E13: 大野 航輝 | F13: 大野 航輝 | G13: 27 | M13: 渡辺 悟 | O13: 大野 航輝
A14: 6 | B14: 選手 | D14: 山口 文吾 | E14: 山口 文吾 | F14: 山口 文吾 | G14: 27 | M14: 小田桐 尚矢 | O14: 山口 文吾
A15: 7 | B15: 選手 | D15: 図師 良介 | E15: 図師 良介 | F15: 図師 良介 | G15: 40 | M15: 日髙 友暉 | O15: 図師 良介
A16: 8 | B16: 選手 | D16: 小田桐浩希 | G16: 39 | M16: 久高 弘之
A17: 9 | M17: 大野 航輝
A18: 10 | M18: 山口 文吾
A19: 11 | M19: 山口 滉太
A20: 12 | M20: 富高 史也
A21: 13 | M21: 図師 良介
A22: 14
A23: 15
A24: 16
A25: 17
A26: 18
A27: 19
A28: 20
A29: 21
A30: 22
A31: 23
A32: 24
A33: 25
... A36: 28
A37: 記入責任者氏名（ 齋藤 豊光 ） 電話番号（ 090-8224-0842 ）
A38: ※ 参加者名簿については、事業実施日ごとに作成すること。
A39: ※ 宿泊費の支出があった者については、宿泊対象者の欄に○を付けること。
A40: ※ 参加者名簿様式は、競技団体の様式でも可。ただし、宿泊対象者がわかるように記載すること。

Sheet 様式２－５⑥事業別参加者名簿
A1: 様式２－５⑥事業別参加者名簿
B3: 令和 | C3: 7 | D3: 年度 | E3: ふるさと選手活動支援 | I3: 参加者名簿
B5: 団体名 | D5: アイスホッケー連盟
A6: 【事業実施日】 | C6: 令和 ７ 年 １０ 月 ４ 日
A7: 番号 | B7: 監督・選手別 | D7: 氏 名 | G7: 年齢･学年 | H7: 宿泊対象者
H8: 月 日 | I8: 月 日 | J8: 月 日
A9: 1 | B9: 選手 | D9: 渡辺 悟 | E9: 渡辺 悟 | F9: 渡辺 悟 | G9: 51 | M9: 安達 健太郎 | O9: 渡辺 悟
A10: 2 | B10: 選手 | D10: 小田桐尚矢 | E10: 小田桐尚矢 | F10: 小田桐尚矢 | G10: 35 | M10: 小松 湧暉 | O10: 小田桐尚矢
A11: 3 | B11: 選手 | D11: 日髙 友暉 | E11: 日髙 友暉 | F11: 日髙 友暉 | G11: 22 | M11: 小田桐 浩希 | O11: 日髙 友暉
A12: 4 | B12: 選手 | D12: 久高 弘之 | E12: 久高 弘之 | F12: 久高 弘之 | G12: 34 | M12: 齋藤 大地 | O12: 久高 弘之
A13: 5 | B13: 選手 | D13: 大野 航輝 | E13: 大野 航輝 | F13: 大野 航輝 | G13: 27 | M13: 渡辺 悟 | O13: 大野 航輝
A14: 6 | B14: 選手 | D14: 山口 文吾 | E14: 山口 文吾 | F14: 山口 文吾 | G14: 27 | M14: 小田桐 尚矢 | O14: 山口 文吾
A15: 7 | B15: 選手 | D15: 図師 良介 | E15: 図師 良介 | F15: 図師 良介 | G15: 40 | M15: 日髙 友暉 | O15: 図師 良介
A16: 8 | M16: 久高 弘之
A17: 9 | M17: 大野 航輝
A18: 10 | M18: 山口 文吾
A19: 11 | M19: 山口 滉太
A20: 12 | M20: 富高 史也
A21: 13 | M21: 図師 良介
A22: 14
A23: 15
A24: 16
A25: 17
A26: 18
A27: 19
A28: 20
A29: 21
A30: 22
A31: 23
A32: 24
A33: 25
... A36: 28
A37: 記入責任者氏名（ 齋藤 豊光 ） 電話番号（ 090-8224-0842 ）
A38: ※ 参加者名簿については、事業実施日ごとに作成すること。
A39: ※ 宿泊費の支出があった者については、宿泊対象者の欄に○を付けること。
A40: ※ 参加者名簿様式は、競技団体の様式でも可。ただし、宿泊対象者がわかるように記載すること。

Sheet 様式２－５⑦事業別参加者名簿
A1: 様式２－５⑦事業別参加者名簿
B3: 令和 | C3: 7 | D3: 年度 | E3: ふるさと選手活動支援 | I3: 参加者名簿
B5: 団体名 | D5: アイスホッケー連盟
A6: 【事業実施日】 | C6: 令和 ７ 年 １０ 月 ２５ 日
A7: 番号 | B7: 監督・選手別 | D7: 氏 名 | G7: 年齢･学年 | H7: 宿泊対象者
H8: 46320 | I8: 月 日 | J8: 月 日
A9: 1 | B9: 選手 | D9: 渡辺 悟 | E9: 渡辺 悟 | F9: 渡辺 悟 | G9: 51 | M9: 安達 健太郎 | O9: 渡辺 悟
A10: 2 | B10: 選手 | D10: 小田桐尚矢 | E10: 小田桐尚矢 | F10: 小田桐尚矢 | G10: 35 | M10: 小松 湧暉 | O10: 小田桐尚矢
A11: 3 | B11: 選手 | D11: 日髙 友暉 | E11: 日髙 友暉 | F11: 日髙 友暉 | G11: 22 | M11: 小田桐 浩希 | O11: 日髙 友暉
A12: 4 | B12: 選手 | D12: 久高 弘之 | E12: 久高 弘之 | F12: 久高 弘之 | G12: 34 | M12: 齋藤 大地 | O12: 久高 弘之
A13: 5 | B13: 選手 | D13: 大野 航輝 | E13: 大野 航輝 | F13: 大野 航輝 | G13: 27 | M13: 渡辺 悟 | O13: 大野 航輝
A14: 6 | B14: 選手 | D14: 山口 文吾 | E14: 山口 文吾 | F14: 山口 文吾 | G14: 27 | M14: 小田桐 尚矢 | O14: 山口 文吾
A15: 7 | B15: 選手 | D15: 図師 良介 | E15: 図師 良介 | F15: 図師 良介 | G15: 40 | M15: 日髙 友暉 | O15: 図師 良介
A16: 8 | B16: 選手 | D16: 齋藤 大地 | G16: 39 | H16: 〇 | M16: 久高 弘之
A17: 9 | B17: 選手 | D17: 富高 史也 | G17: 35 | H17: 〇 | M17: 大野 航輝
A18: 10 | B18: 選手 | D18: 小田桐浩希 | G18: 39 | M18: 山口 文吾
A19: 11 | M19: 山口 滉太
A20: 12 | M20: 富高 史也
A21: 13 | M21: 図師 良介
A22: 14
A23: 15
A24: 16
A25: 17
A26: 18
A27: 19
A28: 20
A29: 21
A30: 22
A31: 23
A32: 24
A33: 25
... A36: 28
A37: 記入責任者氏名（ 齋藤 豊光 ） 電話番号（ 090-8224-0842 ）
A38: ※ 参加者名簿については、事業実施日ごとに作成すること。
A39: ※ 宿泊費の支出があった者については、宿泊対象者の欄に○を付けること。
A40: ※ 参加者名簿様式は、競技団体の様式でも可。ただし、宿泊対象者がわかるように記載すること。

Sheet 様式２－５⑧事業別参加者名簿
A1: 様式２－５⑧事業別参加者名簿
B3: 令和 | C3: 7 | D3: 年度 | E3: ふるさと選手活動支援 | I3: 参加者名簿
B5: 団体名 | D5: アイスホッケー連盟
A6: 【事業実施日】 | C6: 令和 ７ 年 １１ 月 ８ 日
A7: 番号 | B7: 監督・選手別 | D7: 氏 名 | G7: 年齢･学年 | H7: 宿泊対象者
H8: 46334 | I8: 月 日 | J8: 月 日
A9: 1 | B9: 選手 | D9: 渡辺 悟 | E9: 渡辺 悟 | F9: 渡辺 悟 | G9: 51 | M9: 安達 健太郎 | O9: 渡辺 悟
A10: 2 | B10: 選手 | D10: 小田桐尚矢 | E10: 小田桐尚矢 | F10: 小田桐尚矢 | G10: 35 | M10: 小松 湧暉 | O10: 小田桐尚矢
A11: 3 | B11: 選手 | D11: 日髙 友暉 | E11: 日髙 友暉 | F11: 日髙 友暉 | G11: 22 | M11: 小田桐 浩希 | O11: 日髙 友暉
A12: 4 | B12: 選手 | D12: 久高 弘之 | E12: 久高 弘之 | F12: 久高 弘之 | G12: 34 | M12: 齋藤 大地 | O12: 久高 弘之
A13: 5 | B13: 選手 | D13: 大野 航輝 | E13: 大野 航輝 | F13: 大野 航輝 | G13: 27 | M13: 渡辺 悟 | O13: 大野 航輝
A14: 6 | B14: 選手 | D14: 山口 文吾 | E14: 山口 文吾 | F14: 山口 文吾 | G14: 27 | M14: 小田桐 尚矢 | O14: 山口 文吾
A15: 7 | B15: 選手 | D15: 図師 良介 | E15: 図師 良介 | F15: 図師 良介 | G15: 40 | M15: 日髙 友暉 | O15: 図師 良介
A16: 8 | B16: 選手 | D16: 齋藤 大地 | G16: 39 | H16: 〇 | M16: 久高 弘之
A17: 9 | B17: 選手 | D17: 富高 史也 | G17: 35 | H17: 〇 | M17: 大野 航輝
A18: 10 | M18: 山口 文吾
A19: 11 | M19: 山口 滉太
A20: 12 | M20: 富高 史也
A21: 13 | M21: 図師 良介
A22: 14
A23: 15
A24: 16
A25: 17
A26: 18
A27: 19
A28: 20
A29: 21
A30: 22
A31: 23
A32: 24
A33: 25
... A36: 28
A37: 記入責任者氏名（ 齋藤 豊光 ） 電話番号（ 090-8224-0842 ）
A38: ※ 参加者名簿については、事業実施日ごとに作成すること。
A39: ※ 宿泊費の支出があった者については、宿泊対象者の欄に○を付けること。
A40: ※ 参加者名簿様式は、競技団体の様式でも可。ただし、宿泊対象者がわかるように記載すること。

Sheet 様式２－５⑨事業別参加者名簿
A1: 様式２－５⑨事業別参加者名簿
B3: 令和 | C3: 7 | D3: 年度 | E3: ふるさと選手活動支援 | I3: 参加者名簿
B5: 団体名 | D5: アイスホッケー連盟
A6: 【事業実施日】 | C6: 令和 ７ 年 １１ 月 ２２ 日
A7: 番号 | B7: 監督・選手別 | D7: 氏 名 | G7: 年齢･学年 | H7: 宿泊対象者
H8: 月 日 | I8: 月 日 | J8: 月 日
A9: 1 | B9: 選手 | D9: 渡辺 悟 | E9: 渡辺 悟 | F9: 渡辺 悟 | G9: 51 | M9: 安達 健太郎 | O9: 渡辺 悟
A10: 2 | B10: 選手 | D10: 小田桐尚矢 | E10: 小田桐尚矢 | F10: 小田桐尚矢 | G10: 35 | M10: 小松 湧暉 | O10: 小田桐尚矢
A11: 3 | B11: 選手 | D11: 日髙 友暉 | E11: 日髙 友暉 | F11: 日髙 友暉 | G11: 22 | M11: 小田桐 浩希 | O11: 日髙 友暉
A12: 4 | B12: 選手 | D12: 久高 弘之 | E12: 久高 弘之 | F12: 久高 弘之 | G12: 34 | M12: 齋藤 大地 | O12: 久高 弘之
A13: 5 | B13: 選手 | D13: 大野 航輝 | E13: 大野 航輝 | F13: 大野 航輝 | G13: 27 | M13: 渡辺 悟 | O13: 大野 航輝
A14: 6 | B14: 選手 | D14: 山口 文吾 | E14: 山口 文吾 | F14: 山口 文吾 | G14: 27 | M14: 小田桐 尚矢 | O14: 山口 文吾
A15: 7 | B15: 選手 | D15: 図師 良介 | E15: 図師 良介 | F15: 図師 良介 | G15: 40 | M15: 日髙 友暉 | O15: 図師 良介
A16: 8 | M16: 久高 弘之
A17: 9 | M17: 大野 航輝
A18: 10 | M18: 山口 文吾
A19: 11 | M19: 山口 滉太
A20: 12 | M20: 富高 史也
A21: 13 | M21: 図師 良介
A22: 14
A23: 15
A24: 16
A25: 17
A26: 18
A27: 19
A28: 20
A29: 21
A30: 22
A31: 23
A32: 24
A33: 25
... A36: 28
A37: 記入責任者氏名（ 齋藤 豊光 ） 電話番号（ 090-8224-0842 ）
A38: ※ 参加者名簿については、事業実施日ごとに作成すること。
A39: ※ 宿泊費の支出があった者については、宿泊対象者の欄に○を付けること。
A40: ※ 参加者名簿様式は、競技団体の様式でも可。ただし、宿泊対象者がわかるように記載すること。

Sheet 様式２－５⑩事業別参加者名簿
A1: 様式２－５⑩事業別参加者名簿
B3: 令和 | C3: 7 | D3: 年度 | E3: ふるさと選手活動支援 | I3: 参加者名簿
B5: 団体名 | D5: アイスホッケー連盟
A6: 【事業実施日】 | C6: 令和 ７ 年 １２ 月 ２７ 日
A7: 番号 | B7: 監督・選手別 | D7: 氏 名 | G7: 年齢･学年 | H7: 宿泊対象者
H8: 月 日 | I8: 月 日 | J8: 月 日
A9: 1 | B9: 選手 | D9: 中村 里惟 | E9: 渡辺 悟 | F9: 渡辺 悟 | M9: 安達 健太郎 | O9: 渡辺 悟
A10: 2 | B10: 選手 | D10: 宮城 将嗣 | E10: 小田桐尚矢 | F10: 小田桐尚矢 | M10: 小松 湧暉 | O10: 小田桐尚矢
A11: 3 | M11: 小田桐 浩希 | O11: 日髙 友暉
A12: 4 | M12: 齋藤 大地 | O12: 久高 弘之
A13: 5 | M13: 渡辺 悟 | O13: 大野 航輝
A14: 6 | M14: 小田桐 尚矢 | O14: 山口 文吾
A15: 7 | M15: 日髙 友暉 | O15: 図師 良介
A16: 8 | M16: 久高 弘之
A17: 9 | M17: 大野 航輝
A18: 10 | M18: 山口 文吾
A19: 11 | M19: 山口 滉太
A20: 12 | M20: 富高 史也
A21: 13 | M21: 図師 良介
A22: 14
A23: 15
A24: 16
A25: 17
A26: 18
A27: 19
A28: 20
A29: 21
A30: 22
A31: 23
A32: 24
A33: 25
... A36: 28
A37: 記入責任者氏名（ 齋藤 豊光 ） 電話番号（ 090-8224-0842 ）
A38: ※ 参加者名簿については、事業実施日ごとに作成すること。
A39: ※ 宿泊費の支出があった者については、宿泊対象者の欄に○を付けること。
A40: ※ 参加者名簿様式は、競技団体の様式でも可。ただし、宿泊対象者がわかるように記載すること。

Sheet 様式２－５⑪事業別参加名簿
A1: 様式２－５⑪事業別参加者名簿
B3: 令和 | C3: 7 | D3: 年度 | E3: ふるさと選手活動支援 | I3: 参加者名簿
B5: 団体名 | D5: アイスホッケー連盟
A6: 【事業実施日】 | C6: 令和 ８ 年 １ 月 １０ 日
A7: 番号 | B7: 監督・選手別 | D7: 氏 名 | G7: 年齢･学年 | H7: 宿泊対象者
H8: 月 日 | I8: 月 日 | J8: 月 日
A9: 1 | B9: 選手 | D9: 蛯原 智仁 | G9: 24 | M9: 安達 健太郎 | O9: 渡辺 悟
A10: 2 | M10: 小松 湧暉 | O10: 小田桐尚矢
A11: 3 | M11: 小田桐 浩希 | O11: 日髙 友暉
A12: 4 | M12: 齋藤 大地 | O12: 久高 弘之
A13: 5 | M13: 渡辺 悟 | O13: 大野 航輝
A14: 6 | M14: 小田桐 尚矢 | O14: 山口 文吾
A15: 7 | M15: 日髙 友暉 | O15: 図師 良介
A16: 8 | M16: 久高 弘之
A17: 9 | M17: 大野 航輝
A18: 10 | M18: 山口 文吾
A19: 11 | M19: 山口 滉太
A20: 12 | M20: 富高 史也
A21: 13 | M21: 図師 良介
A22: 14
A23: 15
A24: 16
A25: 17
A26: 18
A27: 19
A28: 20
A29: 21
A30: 22
A31: 23
A32: 24
A33: 25
... A36: 28
A37: 記入責任者氏名（ 齋藤 豊光 ） 電話番号（ 090-8224-0842 ）
A38: ※ 参加者名簿については、事業実施日ごとに作成すること。
A39: ※ 宿泊費の支出があった者については、宿泊対象者の欄に○を付けること。
A40: ※ 参加者名簿様式は、競技団体の様式でも可。ただし、宿泊対象者がわかるように記載すること。

Sheet 様式２－５⑫事業別参加者名簿（強化）
A1: 様式２－５⑫事業別参加者名簿
G2: 強化対象
B3: 令和 | C3: 7 | D3: 年度 | E3: ふるさと選手活動支援 | I3: 参加者名簿
B5: 団体名 | D5: アイスホッケー連盟
A6: 【事業実施日】 | C6: 令和 ８ 年 １ 月 １７ 日
A7: 番号 | B7: 監督・選手別 | D7: 氏 名 | G7: 年齢･学年 | H7: 宿泊対象者
H8: 月 日 | I8: 月 日 | J8: 月 日
A9: 1 | B9: 選手 | D9: 中村 里惟 | E9: 渡辺 悟 | F9: 渡辺 悟 | G9: 26 | M9: 安達 健太郎 | O9: 渡辺 悟
A10: 2 | D10: 強化選手１名参加 | M10: 小松 湧暉 | O10: 小田桐尚矢
A11: 3 | M11: 小田桐 浩希 | O11: 日髙 友暉
A12: 4 | M12: 齋藤 大地 | O12: 久高 弘之
A13: 5 | M13: 渡辺 悟 | O13: 大野 航輝
A14: 6 | M14: 小田桐 尚矢 | O14: 山口 文吾
A15: 7 | M15: 日髙 友暉 | O15: 図師 良介
A16: 8 | M16: 久高 弘之
A17: 9 | M17: 大野 航輝
A18: 10 | M18: 山口 文吾
A19: 11 | M19: 山口 滉太
A20: 12 | M20: 富高 史也
A21: 13 | M21: 図師 良介
A22: 14
A23: 15
A24: 16
A25: 17
A26: 18
A27: 19
A28: 20
A29: 21
A30: 22
A31: 23
A32: 24
A33: 25
... A36: 28
A37: 記入責任者氏名（ 齋藤 豊光 ） 電話番号（ 090-8224-0842 ）
A38: ※ 参加者名簿については、事業実施日ごとに作成すること。
A39: ※ 宿泊費の支出があった者については、宿泊対象者の欄に○を付けること。
A40: ※ 参加者名簿様式は、競技団体の様式でも可。ただし、宿泊対象者がわかるように記載すること。

Sheet 様式２－５⑬事業別参加者名簿
A1: 様式２－５⑬事業別参加者名簿
B3: 令和 | C3: 7 | D3: 年度 | E3: ふるさと選手活動支援 | I3: 参加者名簿
B5: 団体名 | D5: アイスホッケー連盟
A6: 【事業実施日】 | C6: 令和 ８ 年 １ 月２４日（土）～２５日（日）
A7: 番号 | B7: 監督・選手別 | D7: 氏 名 | G7: 年齢･学年 | H7: 宿泊対象者
H8: 月 日 | I8: 月 日 | J8: 月 日
A9: 1 | B9: 選手 | D9: 渡辺 悟 | E9: 渡辺 悟 | F9: 渡辺 悟 | G9: 51 | M9: 安達 健太郎 | O9: 渡辺 悟
A10: 2 | B10: 選手 | D10: 小田桐尚矢 | E10: 小田桐尚矢 | F10: 小田桐尚矢 | G10: 35 | M10: 小松 湧暉 | O10: 小田桐尚矢
A11: 3 | B11: 選手 | D11: 日髙 友暉 | E11: 日髙 友暉 | F11: 日髙 友暉 | G11: 22 | M11: 小田桐 浩希 | O11: 日髙 友暉
A12: 4 | B12: 選手 | D12: 久高 弘之 | E12: 久高 弘之 | F12: 久高 弘之 | G12: 34 | M12: 齋藤 大地 | O12: 久高 弘之
A13: 5 | B13: 選手 | D13: 大野 航輝 | E13: 大野 航輝 | F13: 大野 航輝 | G13: 27 | M13: 渡辺 悟 | O13: 大野 航輝
A14: 6 | B14: 選手 | D14: 山口 文吾 | E14: 山口 文吾 | F14: 山口 文吾 | G14: 27 | M14: 小田桐 尚矢 | O14: 山口 文吾
A15: 7 | B15: 選手 | D15: 図師 良介 | E15: 図師 良介 | F15: 図師 良介 | G15: 40 | M15: 日髙 友暉 | O15: 図師 良介
A16: 8 | B16: 選手 | D16: 小田桐浩希 | G16: 39 | M16: 久高 弘之
A17: 9 | M17: 大野 航輝
A18: 10 | M18: 山口 文吾
A19: 11 | M19: 山口 滉太
A20: 12 | M20: 富高 史也
A21: 13 | M21: 図師 良介
A22: 14
A23: 15
A24: 16
A25: 17
A26: 18
A27: 19
A28: 20
A29: 21
A30: 22
A31: 23
A32: 24
A33: 25
... A36: 28
A37: 記入責任者氏名（ 齋藤 豊光 ） 電話番号（ 090-8224-0842 ）
A38: ※ 参加者名簿については、事業実施日ごとに作成すること。
A39: ※ 宿泊費の支出があった者については、宿泊対象者の欄に○を付けること。
A40: ※ 参加者名簿様式は、競技団体の様式でも可。ただし、宿泊対象者がわかるように記載すること。

Sheet 様式２－５⑭事業別参加名簿
A1: 様式２－５⑭事業別参加者名簿
B3: 令和 | C3: 7 | D3: 年度 | E3: ふるさと選手活動支援 | I3: 参加者名簿
B5: 団体名 | D5: アイスホッケー連盟
A6: 【事業実施日】 | C6: 令和 ８ 年 １ 月 ３０ 日
A7: 番号 | B7: 監督・選手別 | D7: 氏 名 | G7: 年齢･学年 | H7: 宿泊対象者
H8: 月 日 | I8: 月 日 | J8: 月 日
A9: 1 | B9: 選手 | D9: 中村 里惟 | E9: 渡辺 悟 | F9: 渡辺 悟 | G9: 26 | M9: 安達 健太郎 | O9: 渡辺 悟
A10: 2 | B10: 選手 | D10: 蛯原 智仁 | G10: 25 | M10: 小松 湧暉 | O10: 小田桐尚矢
A11: 3 | D11: 強化選手２名参加 | M11: 小田桐 浩希 | O11: 日髙 友暉
A12: 4 | M12: 齋藤 大地 | O12: 久高 弘之
A13: 5 | M13: 渡辺 悟 | O13: 大野 航輝
A14: 6 | M14: 小田桐 尚矢 | O14: 山口 文吾
A15: 7 | M15: 日髙 友暉 | O15: 図師 良介
A16: 8 | M16: 久高 弘之
A17: 9 | M17: 大野 航輝
A18: 10 | M18: 山口 文吾
A19: 11 | M19: 山口 滉太
A20: 12 | M20: 富高 史也
A21: 13 | M21: 図師 良介
A22: 14
A23: 15
A24: 16
A25: 17
A26: 18
A27: 19
A28: 20
A29: 21
A30: 22
A31: 23
A32: 24
A33: 25
... A36: 28
A37: 記入責任者氏名（ 齋藤 豊光 ） 電話番号（ 090-8224-0842 ）
A38: ※ 参加者名簿については、事業実施日ごとに作成すること。
A39: ※ 宿泊費の支出があった者については、宿泊対象者の欄に○を付けること。
A40: ※ 参加者名簿様式は、競技団体の様式でも可。ただし、宿泊対象者がわかるように記載すること。

Sheet 様式２－５⑮事業別参加者名簿
A1: 様式２－５⑮事業別参加者名簿
B3: 令和 | C3: 7 | D3: 年度 | E3: ふるさと選手活動支援 | I3: 参加者名簿
B5: 団体名 | D5: アイスホッケー連盟
A6: 【事業実施日】 | C6: 令和 ８ 年 ２ 月７日（土）
A7: 番号 | B7: 監督・選手別 | D7: 氏 名 | G7: 年齢･学年 | H7: 宿泊対象者
H8: 月 日 | I8: 月 日 | J8: 月 日
A9: 1 | B9: 選手 | D9: 渡辺 悟 | E9: 渡辺 悟 | F9: 渡辺 悟 | G9: 51 | M9: 安達 健太郎 | O9: 渡辺 悟
A10: 2 | B10: 選手 | D10: 山口文吾 | G10: 35 | M10: 小松 湧暉 | O10: 小田桐尚矢
A11: 3 | M11: 小田桐 浩希 | O11: 日髙 友暉
A12: 4 | M12: 齋藤 大地 | O12: 久高 弘之
A13: 5 | M13: 渡辺 悟 | O13: 大野 航輝
A14: 6 | M14: 小田桐 尚矢 | O14: 山口 文吾
A15: 7 | M15: 日髙 友暉 | O15: 図師 良介
A16: 8 | M16: 久高 弘之
A17: 9 | M17: 大野 航輝
A18: 10 | M18: 山口 文吾
A19: 11 | M19: 山口 滉太
A20: 12 | M20: 富高 史也
A21: 13 | M21: 図師 良介
A22: 14
A23: 15
A24: 16
A25: 17
A26: 18
A27: 19
A28: 20
A29: 21
A30: 22
A31: 23
A32: 24
A33: 25
... A36: 28
A37: 記入責任者氏名（ 齋藤 豊光 ） 電話番号（ 090-8224-0842 ）
A38: ※ 参加者名簿については、事業実施日ごとに作成すること。
A39: ※ 宿泊費の支出があった者については、宿泊対象者の欄に○を付けること。
A40: ※ 参加者名簿様式は、競技団体の様式でも可。ただし、宿泊対象者がわかるように記載すること。

Sheet 様式２－５⑯事業別参加者名簿
A1: 様式２－５⑯事業別参加者名簿
B3: 令和 | C3: 7 | D3: 年度 | E3: ふるさと選手活動支援 | I3: 参加者名簿
B5: 団体名 | D5: アイスホッケー連盟
A6: 【事業実施日】 | C6: 令和 ８ 年 ２ 月２１日（土）
A7: 番号 | B7: 監督・選手別 | D7: 氏 名 | G7: 年齢･学年 | H7: 宿泊対象者
H8: 月 日 | I8: 月 日 | J8: 月 日
A9: 1 | B9: 選手 | D9: 渡辺 悟 | E9: 渡辺 悟 | F9: 渡辺 悟 | G9: 51 | M9: 安達 健太郎 | O9: 渡辺 悟
A10: 2 | B10: 選手 | D10: 山口 文吾 | E10: 山口 文吾 | F10: 山口 文吾 | G10: 35 | M10: 小松 湧暉 | O10: 小田桐尚矢
A11: 3 | M11: 小田桐 浩希 | O11: 日髙 友暉
A12: 4 | M12: 齋藤 大地 | O12: 久高 弘之
A13: 5 | M13: 渡辺 悟 | O13: 大野 航輝
A14: 6 | M14: 小田桐 尚矢 | O14: 山口 文吾
A15: 7 | M15: 日髙 友暉 | O15: 図師 良介
A16: 8 | M16: 久高 弘之
A17: 9 | M17: 大野 航輝
A18: 10 | M18: 山口 文吾
A19: 11 | M19: 山口 滉太
A20: 12 | M20: 富高 史也
A21: 13 | M21: 図師 良介
A22: 14
A23: 15
A24: 16
A25: 17
A26: 18
A27: 19
A28: 20
A29: 21
A30: 22
A31: 23
A32: 24
A33: 25
... A36: 28
A37: 記入責任者氏名（ 齋藤 豊光 ） 電話番号（ 090-8224-0842 ）
A38: ※ 参加者名簿については、事業実施日ごとに作成すること。
A39: ※ 宿泊費の支出があった者については、宿泊対象者の欄に○を付けること。
A40: ※ 参加者名簿様式は、競技団体の様式でも可。ただし、宿泊対象者がわかるように記載すること。

Sheet 様式２－５⑰事業別参加者
A1: 様式２－５⑰事業別参加者名簿
B3: 令和 | C3: 7 | D3: 年度 | E3: ふるさと選手活動支援 | I3: 参加者名簿
B5: 団体名 | D5: アイスホッケー連盟
A6: 【事業実施日】 | C6: 令和 ８ 年 ２ 月２８（土）・ ３ 月 １ 日（日）
A7: 番号 | B7: 監督・選手別 | D7: 氏 名 | G7: 年齢･学年 | H7: 宿泊対象者
H8: 月 日 | I8: 月 日 | J8: 月 日
A9: 1 | B9: 選手 | D9: 渡辺 悟 | E9: 渡辺 悟 | F9: 渡辺 悟 | G9: 51 | N9: 安達 健太郎 | P9: 渡辺 悟 | R9: 日髙 友暉 | T9: 渡辺 悟
A10: 2 | B10: 選手 | D10: 小田桐尚矢 | E10: 小田桐尚矢 | F10: 小田桐尚矢 | G10: 35 | N10: 小松 湧暉 | P10: 小田桐尚矢 | R10: 久高 弘之
A11: 3 | B11: 選手 | D11: 日髙 友暉 | E11: 日髙 友暉 | F11: 日髙 友暉 | G11: 22 | N11: 小田桐 浩希 | P11: 日髙 友暉 | R11: 大野 航輝
A12: 4 | B12: 選手 | D12: 久高 弘之 | E12: 久高 弘之 | F12: 久高 弘之 | G12: 34 | N12: 齋藤 大地 | P12: 久高 弘之 | T12: 小田桐尚矢
A13: 5 | B13: 選手 | D13: 大野 航輝 | E13: 大野 航輝 | F13: 大野 航輝 | G13: 27 | N13: 渡辺 悟 | P13: 大野 航輝
A14: 6 | B14: 選手 | D14: 山口 文吾 | E14: 山口 文吾 | F14: 山口 文吾 | G14: 27 | N14: 小田桐 尚矢 | P14: 山口 文吾
A15: 7 | B15: 選手 | D15: 図師 良介 | E15: 図師 良介 | F15: 図師 良介 | G15: 40 | N15: 日髙 友暉 | P15: 図師 良介 | T15: 山口 文吾
A16: 8 | B16: 選手 | D16: 小田桐浩希 | E16: 小田桐浩希 | F16: 小田桐浩希 | G16: 39 | N16: 久高 弘之
A17: 9 | N17: 大野 航輝
A18: 10 | N18: 山口 文吾 | T18: 大野 航輝
A19: 11 | N19: 山口 滉太
A20: 12 | N20: 富高 史也
A21: 13 | N21: 図師 良介 | T21: 久高 弘之
A22: 14
A23: 15
A24: 16 | T24: 図師 良介
A25: 17 | AA25: 名簿
A26: 18
A27: 19 | T27: 日髙 友暉
A28: 20
A29: 21
A30: 22 | T30: 小田桐浩希
A31: 23
A32: 24
A33: 25
A34: 26
A35: 27
A36: 28
A37: 記入責任者氏名（ 齋藤 豊光 ） 電話番号（ 090-8224-0842 ）
A38: ※ 参加者名簿については、事業実施日ごとに作成すること。
A39: ※ 宿泊費の支出があった者については、宿泊対象者の欄に○を付けること。
A40: ※ 参加者名簿様式は、競技団体の様式でも可。ただし、宿泊対象者がわかるように記載すること。

Sheet 様式２－６①事業別領収書（ふるさと）
A1: 様式２－６①
G3: 令和 | J3: 7 | L3: 年度 | P3: ふるさと選手活動支援事業 領収書１
A5: 団体名 | G5: 宮崎県アイスホッケー連盟
AC7: 作成者名（ 齋藤 豊光 ）
A8: No | C8: 氏 名 | J8: 期日 | N8: 交 通 | T8: 支 払 額 | AF8: 受領日 | AP8: 受領 サイン
N9: 区 間 | T9: 交通費 | X9: 宿泊費 | AB9: 雑費
A10: 1 | C10: 渡辺 悟 | J10: 45801 | N10: 航空機・ﾊﾞｽ | T10: 1020 | X10: 0 | AB10: 2200 | AF10: 45801
N11: 電車・車(60)㎞
N12: 西新～福岡
A13: 2 | C13: 小田桐尚矢 | J13: 45801 | N13: 航空機・ﾊﾞｽ | T13: 850 | X13: 0 | AB13: 2200 | AF13: 45801
N14: 電車・車(50)㎞
N15: 香椎～福岡
A16: 3 | C16: 山口 文吾 | J16: 45801 | N16: 航空機・ﾊﾞｽ | T16: 1020 | X16: 0 | AB16: 2200 | AF16: 45801
N17: 電車・車(60)㎞
N18: 筑紫～福岡
A19: 4 | C19: 大野 航輝 | J19: 45801 | N19: 航空機・ﾊﾞｽ | T19: 3060 | X19: 0 | AB19: 2200 | AF19: 45801
N20: 電車・車（180)㎞
N21: 久留米～福岡
A22: 5 | C22: 久高 弘之 | J22: 45801 | N22: 航空機・ﾊﾞｽ | T22: 3060 | X22: 0 | AB22: 2200 | AF22: 45801
N23: 電車・車（180)㎞
N24: 久留米～福岡
A25: 6 | C25: 図師 良介 | J25: 45801 | N25: 航空機・ﾊﾞｽ | T25: 3060 | X25: 0 | AB25: 2200 | AF25: 45801
N26: 電車・車(180)㎞
N27: 古賀～福岡
A28: 7 | C28: 日髙 友暉 | J28: 45801 | N28: 航空機・ﾊﾞｽ | T28: 2040 | X28: 0 | AB28: 2200 | AF28: 45801
N29: 電車・車(120)㎞
N30: 和白～福岡
A31: 8
A34: 9
A37: 10
P40: 合 計 | T40: =SUM(T10:W39) -> 14110 | X40: =SUM(X10:AA39) -> 0 | AB40: =SUM(AB10:AE39) -> 15400 | AF40: 旅費合計 | AL40: =SUM(T40:AE40) -> 29510
A41: 記入責任者氏名( 齋藤 豊光 ) | AB41: 電話番号(０９０－８２２４－０８４２ )
A42: 記入上の注意
A43: ① 金額欄は、同額であっても「同上」、「〃」で記入せず、必ず金額を記入のこと。
A44: ② 受領した本人が自署または押印すること。
A45: 航空機利用の場合、領収書（利用者氏名・利用区間・便名・搭乗日が記載されているもの）を添付すること。
A46: ③ 旅行業者等に交通手段・宿泊等を一括手配（依頼）し利用した場合は、旅行業者の領収書を添付する。
A47: 但し、内訳として交通費と宿泊費の明細を添付のこと。
A48: ④ 交通費は、最も経済的な通常の経路、方法により算出すること。
A49: ⑤ 自家用車を利用した場合、出発地と目的地間の最短距離(㎞ 端数切捨)に１７円を乗じた額とする。
A50: また、有料道路利用の場合は、領収書または利用証明書を添付すること。
A51: ⑥ 加盟団体等が定めた取扱等がある場合は、その取扱等により計算した額とすること。但し、本会の基準で計算した額を
A52: 上限とし、超過する場合は補助対象外とする。(注) この場合は、加盟団体等が定めた取扱等を提出すること。
A53: ⑦ 公共交通機関を利用した場合は、利用区間名(バス停、駅)を記入すること。

Sheet 様式２－６②事業別領収書（ふるさと）
A1: 様式２－６②
G3: 令和 | J3: 7 | L3: 年度 | P3: ふるさと選手活動支援事業 領収書１
A5: 団体名 | G5: 宮崎県アイスホッケー連盟
AC7: 作成者名（ 齋藤 豊光 ）
A8: No | C8: 氏 名 | J8: 期日 | N8: 交 通 | T8: 支 払 額 | AF8: 受領日 | AP8: 受領 サイン
N9: 区 間 | T9: 交通費 | X9: 宿泊費 | AB9: 雑費
A10: 1 | C10: 渡辺 悟 | J10: 45822 | N10: 航空機・ﾊﾞｽ | T10: 1020 | X10: 0 | AB10: 2200 | AF10: 45822
N11: 電車・車(60)㎞
N12: 西新～福岡
A13: 2 | C13: 小田桐尚矢 | J13: 45822 | N13: 航空機・ﾊﾞｽ | T13: 850 | X13: 0 | AB13: 2200 | AF13: 45822
N14: 電車・車(50)㎞
N15: 香椎～福岡
A16: 3 | C16: 山口 文吾 | J16: 45822 | N16: 航空機・ﾊﾞｽ | T16: 1020 | X16: 0 | AB16: 2200 | AF16: 45822
N17: 電車・車(60)㎞
N18: 筑紫～福岡
A19: 4 | C19: 大野 航輝 | J19: 45822 | N19: 航空機・ﾊﾞｽ | T19: 3060 | X19: 0 | AB19: 2200 | AF19: 45822
N20: 電車・車（180)㎞
N21: 久留米～福岡
A22: 5 | C22: 久高 弘之 | J22: 45822 | N22: 航空機・ﾊﾞｽ | T22: 3060 | X22: 0 | AB22: 2200 | AF22: 45822
N23: 電車・車（180)㎞
N24: 久留米～福岡
A25: 6 | C25: 図師 良介 | J25: 45822 | N25: 航空機・ﾊﾞｽ | T25: 3060 | X25: 0 | AB25: 2200 | AF25: 45822
N26: 電車・車(180)㎞
N27: 古賀～福岡
A28: 7 | C28: 日髙 友暉 | J28: 45822 | N28: 航空機・ﾊﾞｽ | T28: 2040 | X28: 0 | AB28: 2200 | AF28: 45822
N29: 電車・車(120)㎞
N30: 和白～福岡
A31: 8
A34: 9
A37: 10
P40: 合 計 | T40: =SUM(T10:W39) -> 14110 | X40: =SUM(X10:AA39) -> 0 | AB40: =SUM(AB10:AE39) -> 15400 | AF40: 旅費合計 | AL40: =SUM(T40:AE40) -> 29510
A41: 記入責任者氏名( 齋藤 豊光 ) | AB41: 電話番号(０９０－８２２４－０８４２ )
A42: 記入上の注意
A43: ① 金額欄は、同額であっても「同上」、「〃」で記入せず、必ず金額を記入のこと。
A44: ② 受領した本人が自署または押印すること。
A45: 航空機利用の場合、領収書（利用者氏名・利用区間・便名・搭乗日が記載されているもの）を添付すること。
A46: ③ 旅行業者等に交通手段・宿泊等を一括手配（依頼）し利用した場合は、旅行業者の領収書を添付する。
A47: 但し、内訳として交通費と宿泊費の明細を添付のこと。
A48: ④ 交通費は、最も経済的な通常の経路、方法により算出すること。
A49: ⑤ 自家用車を利用した場合、出発地と目的地間の最短距離(㎞ 端数切捨)に１７円を乗じた額とする。
A50: また、有料道路利用の場合は、領収書または利用証明書を添付すること。
A51: ⑥ 加盟団体等が定めた取扱等がある場合は、その取扱等により計算した額とすること。但し、本会の基準で計算した額を
A52: 上限とし、超過する場合は補助対象外とする。(注) この場合は、加盟団体等が定めた取扱等を提出すること。
A53: ⑦ 公共交通機関を利用した場合は、利用区間名(バス停、駅)を記入すること。

Sheet 様式２－６③事業別領収書（ふるさと）
A1: 様式２－６③
G3: 令和 | J3: 7 | L3: 年度 | P3: ふるさと選手活動支援事業 領収書１
A5: 団体名 | G5: 宮崎県アイスホッケー連盟
AC7: 作成者名（ 齋藤 豊光 ）
A8: No | C8: 氏 名 | J8: 期日 | N8: 交 通 | T8: 支 払 額 | AF8: 受領日 | AP8: 受領 サイン
N9: 区 間 | T9: 交通費 | X9: 宿泊費 | AB9: 雑費
A10: 1 | C10: 渡辺 悟 | J10: 8/23 | N10: 航空機・ﾊﾞｽ | T10: 1700 | X10: 0 | AB10: 2200 | AF10: 8/23
N11: 電車・車(100)㎞
N12: 西新～久留米
A13: 2 | C13: 小田桐尚矢 | J13: 8/23 | N13: 航空機・ﾊﾞｽ | T13: 1615 | X13: 0 | AB13: 2200 | AF13: 8/23
N14: 電車・車(95)㎞
N15: 香椎～久留米
A16: 3 | C16: 山口 文吾 | J16: 8/23 | N16: 航空機・ﾊﾞｽ | T16: 680 | X16: 0 | AB16: 2200 | AF16: 8/23
N17: 電車・車(40)㎞
N18: 筑紫～久留米
A19: 4 | C19: 大野 航輝 | J19: 8/23 | N19: 航空機・ﾊﾞｽ | T19: 0 | X19: 0 | AB19: 2200 | AF19: 8/23
N20: 電車・車( )㎞
N21: ～
A22: 5 | C22: 久高 弘之 | J22: 8/23 | N22: 航空機・ﾊﾞｽ | T22: 0 | X22: 0 | AB22: 2200 | AF22: 8/23
N23: 電車・車( )㎞
N24: ～
A25: 6 | C25: 図師 良介 | J25: 8/23 | N25: 航空機・ﾊﾞｽ | T25: 4590 | X25: 0 | AB25: 2200 | AF25: 8/23
N26: 電車・車(150)㎞
N27: 古賀～久留米
A28: 7 | C28: 日髙 友暉 | J28: 8/23 | N28: 航空機・ﾊﾞｽ | T28: 1870 | X28: 0 | AB28: 2200 | AF28: 8/23
N29: 電車・車(110)㎞
N30: 和白～久留米
A31: 8
A34: 9
A37: 10
P40: 合 計 | T40: =SUM(T10:W39) -> 10455 | X40: =SUM(X10:AA39) -> 0 | AB40: =SUM(AB10:AE39) -> 15400 | AF40: 旅費合計 | AL40: =SUM(T40:AE40) -> 25855
A41: 記入責任者氏名( 齋藤 豊光 ) | AB41: 電話番号(０９０－８２２４－０８４２ )
A42: 記入上の注意
A43: ① 金額欄は、同額であっても「同上」、「〃」で記入せず、必ず金額を記入のこと。
A44: ② 受領した本人が自署または押印すること。
A45: 航空機利用の場合、領収書（利用者氏名・利用区間・便名・搭乗日が記載されているもの）を添付すること。
A46: ③ 旅行業者等に交通手段・宿泊等を一括手配（依頼）し利用した場合は、旅行業者の領収書を添付する。
A47: 但し、内訳として交通費と宿泊費の明細を添付のこと。
A48: ④ 交通費は、最も経済的な通常の経路、方法により算出すること。
A49: ⑤ 自家用車を利用した場合、出発地と目的地間の最短距離(㎞ 端数切捨)に１７円を乗じた額とする。
A50: また、有料道路利用の場合は、領収書または利用証明書を添付すること。
A51: ⑥ 加盟団体等が定めた取扱等がある場合は、その取扱等により計算した額とすること。但し、本会の基準で計算した額を
A52: 上限とし、超過する場合は補助対象外とする。(注) この場合は、加盟団体等が定めた取扱等を提出すること。
A53: ⑦ 公共交通機関を利用した場合は、利用区間名(バス停、駅)を記入すること。

Sheet 様式２－６④事業別領収書（ふるさと）
A1: 様式２－６④
G3: 令和 | J3: 7 | L3: 年度 | P3: ふるさと選手活動支援事業 領収書１
A5: 団体名 | G5: 宮崎県アイスホッケー連盟
AC7: 作成者名（ 齋藤 豊光 ）
A8: No | C8: 氏 名 | J8: 期日 | N8: 交 通 | T8: 支 払 額 | AF8: 受領日 | AP8: 受領 サイン
N9: 区 間 | T9: 交通費 | X9: 宿泊費 | AB9: 雑費
A10: 1 | C10: 渡辺 悟 | J10: 9/13 | N10: 航空機・ﾊﾞｽ | T10: 1700 | X10: 0 | AB10: 2200 | AF10: 9/13
N11: 電車・車(100)㎞
N12: 西新～久留米
A13: 2 | C13: 小田桐尚矢 | J13: 9/13 | N13: 航空機・ﾊﾞｽ | T13: 1615 | X13: 0 | AB13: 2200 | AF13: 9/13
N14: 電車・車(95)㎞
N15: 香椎～久留米
A16: 3 | C16: 山口 文吾 | J16: 9/13 | N16: 航空機・ﾊﾞｽ | T16: 680 | X16: 0 | AB16: 2200 | AF16: 9/13
N17: 電車・車(40)㎞
N18: 筑紫～久留米
A19: 4 | C19: 大野 航輝 | J19: 9/13 | N19: 航空機・ﾊﾞｽ | T19: 0 | X19: 0 | AB19: 2200 | AF19: 9/13
N20: 電車・車( )㎞
N21: ～
A22: 5 | C22: 久高 弘之 | J22: 9/13 | N22: 航空機・ﾊﾞｽ | T22: 0 | X22: 0 | AB22: 2200 | AF22: 9/13
N23: 電車・車( )㎞
N24: ～
A25: 6 | C25: 図師 良介 | J25: 9/13 | N25: 航空機・ﾊﾞｽ | T25: 5030 | X25: 0 | AB25: 2200 | AF25: 9/13
N26: 電車・車(150)㎞
N27: 古賀～久留米
A28: 7 | C28: 日髙 友暉 | J28: 9/13 | N28: 航空機・ﾊﾞｽ | T28: 1870 | X28: 0 | AB28: 2200 | AF28: 9/13
N29: 電車・車(110)㎞
N30: 和白～久留米
A31: 8
A34: 9
A37: 10
P40: 合 計 | T40: =SUM(T10:W39) -> 10895 | X40: =SUM(X10:AA39) -> 0 | AB40: =SUM(AB10:AE39) -> 15400 | AF40: 旅費合計 | AL40: =SUM(T40:AE40) -> 26295
A41: 記入責任者氏名( 齋藤 豊光 ) | AB41: 電話番号(０９０－８２２４－０８４２ )
A42: 記入上の注意
A43: ① 金額欄は、同額であっても「同上」、「〃」で記入せず、必ず金額を記入のこと。
A44: ② 受領した本人が自署または押印すること。
A45: 航空機利用の場合、領収書（利用者氏名・利用区間・便名・搭乗日が記載されているもの）を添付すること。
A46: ③ 旅行業者等に交通手段・宿泊等を一括手配（依頼）し利用した場合は、旅行業者の領収書を添付する。
A47: 但し、内訳として交通費と宿泊費の明細を添付のこと。
A48: ④ 交通費は、最も経済的な通常の経路、方法により算出すること。
A49: ⑤ 自家用車を利用した場合、出発地と目的地間の最短距離(㎞ 端数切捨)に１７円を乗じた額とする。
A50: また、有料道路利用の場合は、領収書または利用証明書を添付すること。
A51: ⑥ 加盟団体等が定めた取扱等がある場合は、その取扱等により計算した額とすること。但し、本会の基準で計算した額を
A52: 上限とし、超過する場合は補助対象外とする。(注) この場合は、加盟団体等が定めた取扱等を提出すること。
A53: ⑦ 公共交通機関を利用した場合は、利用区間名(バス停、駅)を記入すること。

Sheet 様式２－６➄事業別領収書（ふるさと）
A1: 様式２－６➄
G3: 令和 | J3: 7 | L3: 年度 | P3: ふるさと選手活動支援事業 領収書１
A5: 団体名 | G5: 宮崎県アイスホッケー連盟
AC7: 作成者名（ 齋藤 豊光 ）
A8: No | C8: 氏 名 | J8: 期日 | N8: 交 通 | T8: 支 払 額 | AF8: 受領日 | AP8: 受領 サイン
N9: 区 間 | T9: 交通費 | X9: 宿泊費 | AB9: 雑費
A10: 1 | C10: 渡辺 悟 | J10: 45927 | N10: 航空機・ﾊﾞｽ | T10: 1020 | X10: 0 | AB10: 2200 | AF10: 45927
N11: 電車・車(60)㎞
N12: 西新～福岡
A13: 2 | C13: 小田桐尚矢 | J13: 45927 | N13: 航空機・ﾊﾞｽ | T13: 850 | X13: 0 | AB13: 2200 | AF13: 45927
N14: 電車・車(50)㎞
N15: 香椎～福岡
A16: 3 | C16: 山口 文吾 | J16: 45927 | N16: 航空機・ﾊﾞｽ | T16: 1020 | X16: 0 | AB16: 2200 | AF16: 45927
N17: 電車・車(60)㎞
N18: 筑紫～福岡
A19: 4 | C19: 大野 航輝 | J19: 45927 | N19: 航空機・ﾊﾞｽ | T19: 3060 | X19: 0 | AB19: 2200 | AF19: 45927
N20: 電車・車（180)㎞
N21: 久留米～福岡
A22: 5 | C22: 久高 弘之 | J22: 45927 | N22: 航空機・ﾊﾞｽ | T22: 3060 | X22: 0 | AB22: 2200 | AF22: 45927
N23: 電車・車（180)㎞
N24: 久留米～福岡
A25: 6 | C25: 図師 良介 | J25: 45927 | N25: 航空機・ﾊﾞｽ | T25: 3060 | X25: 0 | AB25: 2200 | AF25: 45927
N26: 電車・車(180)㎞
N27: 古賀～福岡
A28: 7 | C28: 日髙 友暉 | J28: 45927 | N28: 航空機・ﾊﾞｽ | T28: 2040 | X28: 0 | AB28: 2200 | AF28: 45927
N29: 電車・車(120)㎞
N30: 和白～福岡
A31: 8 | C31: 小田桐浩希 | J31: 45927 | N31: 航空機ｽ | T31: 79660 | X31: 0 | AB31: 2200 | AF31: 45927
N33: 羽田～福岡
A34: 9
A37: 10
P40: 合 計 | T40: =SUM(T10:W33) -> 93770 | X40: =SUM(X10:AA39) -> 0 | AB40: =SUM(AB10:AE33) -> 17600 | AF40: 旅費合計 | AL40: =SUM(T40:AE40) -> 111370
A41: 記入責任者氏名( 齋藤 豊光 ) | AB41: 電話番号(０９０－８２２４－０８４２ )
A42: 記入上の注意
A43: ① 金額欄は、同額であっても「同上」、「〃」で記入せず、必ず金額を記入のこと。
A44: ② 受領した本人が自署または押印すること。
A45: 航空機利用の場合、領収書（利用者氏名・利用区間・便名・搭乗日が記載されているもの）を添付すること。
A46: ③ 旅行業者等に交通手段・宿泊等を一括手配（依頼）し利用した場合は、旅行業者の領収書を添付する。
A47: 但し、内訳として交通費と宿泊費の明細を添付のこと。
A48: ④ 交通費は、最も経済的な通常の経路、方法により算出すること。
A49: ⑤ 自家用車を利用した場合、出発地と目的地間の最短距離(㎞ 端数切捨)に１７円を乗じた額とする。
A50: また、有料道路利用の場合は、領収書または利用証明書を添付すること。
A51: ⑥ 加盟団体等が定めた取扱等がある場合は、その取扱等により計算した額とすること。但し、本会の基準で計算した額を
A52: 上限とし、超過する場合は補助対象外とする。(注) この場合は、加盟団体等が定めた取扱等を提出すること。
A53: ⑦ 公共交通機関を利用した場合は、利用区間名(バス停、駅)を記入すること。

Sheet 様式２－６⑥事業別領収書（ふるさと）
A1: 様式２－６⑥
G3: 令和 | J3: 7 | L3: 年度 | P3: ふるさと選手活動支援事業 領収書１
A5: 団体名 | G5: 宮崎県アイスホッケー連盟
AC7: 作成者名（ 齋藤 豊光 ）
A8: No | C8: 氏 名 | J8: 期日 | N8: 交 通 | T8: 支 払 額 | AF8: 受領日 | AP8: 受領 サイン
N9: 区 間 | T9: 交通費 | X9: 宿泊費 | AB9: 雑費
A10: 1 | C10: 渡辺 悟 | J10: 10/4 | N10: 航空機・ﾊﾞｽ | T10: 1700 | X10: 0 | AB10: 2200 | AF10: 45934
N11: 電車・車(100)㎞
N12: 西新～久留米
A13: 2 | C13: 小田桐尚矢 | J13: 10/4 | N13: 航空機・ﾊﾞｽ | T13: 1615 | X13: 0 | AB13: 2200 | AF13: 45934
N14: 電車・車(95)㎞
N15: 香椎～久留米
A16: 3 | C16: 山口 文吾 | J16: 10/4 | N16: 航空機・ﾊﾞｽ | T16: 680 | X16: 0 | AB16: 2200 | AF16: 45934
N17: 電車・車(40)㎞
N18: 筑紫～久留米
A19: 4 | C19: 大野 航輝 | J19: 10/4 | N19: 航空機・ﾊﾞｽ | T19: 0 | X19: 0 | AB19: 2200 | AF19: 45934
N20: 電車・車( )㎞
N21: ～
A22: 5 | C22: 久高 弘之 | J22: 10/4 | N22: 航空機・ﾊﾞｽ | T22: 0 | X22: 0 | AB22: 2200 | AF22: 45934
N23: 電車・車( )㎞
N24: ～
A25: 6 | C25: 図師 良介 | J25: 10/4 | N25: 航空機・ﾊﾞｽ | T25: 2550 | X25: 0 | AB25: 2200 | AF25: 45934
N26: 電車・車(150)㎞
N27: 古賀～久留米
A28: 7 | C28: 日髙 友暉 | J28: 10/4 | N28: 航空機・ﾊﾞｽ | T28: 1870 | X28: 0 | AB28: 2200 | AF28: 45934
N29: 電車・車(110)㎞
N30: 和白～久留米
A31: 8
A34: 9
A37: 10
P40: 合 計 | T40: =SUM(T10:W30) -> 8415 | X40: =SUM(X10:AA39) -> 0 | AB40: =SUM(AB10:AE39) -> 15400 | AF40: 旅費合計 | AL40: =SUM(T40:AE40) -> 23815
A41: 記入責任者氏名( 齋藤 豊光 ) | AB41: 電話番号(０９０－８２２４－０８４２ )
A42: 記入上の注意
A43: ① 金額欄は、同額であっても「同上」、「〃」で記入せず、必ず金額を記入のこと。
A44: ② 受領した本人が自署または押印すること。
A45: 航空機利用の場合、領収書（利用者氏名・利用区間・便名・搭乗日が記載されているもの）を添付すること。
A46: ③ 旅行業者等に交通手段・宿泊等を一括手配（依頼）し利用した場合は、旅行業者の領収書を添付する。
A47: 但し、内訳として交通費と宿泊費の明細を添付のこと。
A48: ④ 交通費は、最も経済的な通常の経路、方法により算出すること。
A49: ⑤ 自家用車を利用した場合、出発地と目的地間の最短距離(㎞ 端数切捨)に１７円を乗じた額とする。
A50: また、有料道路利用の場合は、領収書または利用証明書を添付すること。
A51: ⑥ 加盟団体等が定めた取扱等がある場合は、その取扱等により計算した額とすること。但し、本会の基準で計算した額を
A52: 上限とし、超過する場合は補助対象外とする。(注) この場合は、加盟団体等が定めた取扱等を提出すること。
A53: ⑦ 公共交通機関を利用した場合は、利用区間名(バス停、駅)を記入すること。

Sheet 様式２－６⑦事業別領収書（ふるさと）
A1: 様式２－6⑦
G3: 令和 | J3: 7 | L3: 年度 | P3: ふるさと選手活動支援事業 領収書１
A5: 団体名 | G5: 宮崎県アイスホッケー連盟
AC7: 作成者名（ 齋藤 豊光 ）
A8: No | C8: 氏 名 | J8: 期日 | N8: 交 通 | T8: 支 払 額 | AF8: 受領日 | AP8: 受領 サイン
N9: 区 間 | T9: 交通費 | X9: 宿泊費 | AB9: 雑費
A10: 1 | C10: 渡辺 悟 | J10: 10/25 | N10: 航空機・ﾊﾞｽ | T10: 1700 | X10: 0 | AB10: 2200 | AF10: 10/25
N11: 電車・車(100)㎞
N12: 西新～久留米
A13: 2 | C13: 小田桐尚矢 | J13: 10/25 | N13: 航空機・ﾊﾞｽ | T13: 1615 | X13: 0 | AB13: 2200 | AF13: 10/25
N14: 電車・車(95)㎞
N15: 香椎～久留米
A16: 3 | C16: 山口 文吾 | J16: 10/25 | N16: 航空機・ﾊﾞｽ | T16: 680 | X16: 0 | AB16: 2200 | AF16: 10/25
N17: 電車・車(40)㎞
N18: 筑紫～久留米
A19: 4 | C19: 大野 航輝 | J19: 10/25 | N19: 航空機・ﾊﾞｽ | T19: 0 | X19: 0 | AB19: 2200 | AF19: 10/25
N20: 電車・車( )㎞
N21: ～
A22: 5 | C22: 久高 弘之 | J22: 10/25 | N22: 航空機・ﾊﾞｽ | T22: 0 | X22: 0 | AB22: 2200 | AF22: 10/25
N23: 電車・車( )㎞
N24: ～
A25: 6 | C25: 図師 良介 | J25: 10/25 | N25: 航空機・ﾊﾞｽ | T25: 2550 | X25: 0 | AB25: 2200 | AF25: 10/25
N26: 電車・車(150)㎞
N27: 古賀～久留米
A28: 7 | C28: 日髙 友暉 | J28: 10/25 | N28: 航空機・ﾊﾞｽ | T28: 1870 | X28: 0 | AB28: 2200 | AF28: 10/25
N29: 電車・車(110)㎞
N30: 和白～久留米
A31: 8 | C31: 富高 史也 | J31: 10/25 | N31: 新幹線 | T31: 17880 | X31: 6250 | AB31: 2200 | AF31: 10/25
N32: 電車・車( )㎞
N33: 川内～久留米
A34: 9 | C34: 齋藤 大地 | J34: 10/25 | N34: 新幹線 | T34: 38510 | X34: 6250 | AB34: 2200 | AF34: 10/25
N35: 電車・車( )㎞
N36: 西明石～久留米
A37: 10 | C37: 小田桐浩希 | J37: 10/25 | N37: 航空券 | T37: 80100 | AB37: 2200 | AF37: 10/25
N38: 電車・車( )㎞
N39: 羽田～福岡
P40: 合 計 | T40: =SUM(T10:W39) -> 144905 | X40: =SUM(X10:AA39) -> 12500 | AB40: =SUM(AB10:AE39) -> 22000 | AF40: 旅費合計 | AL40: =SUM(T40:AE40) -> 179405
A41: 記入責任者氏名( 齋藤 豊光 ) | AB41: 電話番号(０９０－８２２４－０８４２ )
A42: 記入上の注意
A43: ① 金額欄は、同額であっても「同上」、「〃」で記入せず、必ず金額を記入のこと。
A44: ② 受領した本人が自署または押印すること。
A45: 航空機利用の場合、領収書（利用者氏名・利用区間・便名・搭乗日が記載されているもの）を添付すること。
A46: ③ 旅行業者等に交通手段・宿泊等を一括手配（依頼）し利用した場合は、旅行業者の領収書を添付する。
A47: 但し、内訳として交通費と宿泊費の明細を添付のこと。
A48: ④ 交通費は、最も経済的な通常の経路、方法により算出すること。
A49: ⑤ 自家用車を利用した場合、出発地と目的地間の最短距離(㎞ 端数切捨)に１７円を乗じた額とする。
A50: また、有料道路利用の場合は、領収書または利用証明書を添付すること。
A51: ⑥ 加盟団体等が定めた取扱等がある場合は、その取扱等により計算した額とすること。但し、本会の基準で計算した額を
A52: 上限とし、超過する場合は補助対象外とする。(注) この場合は、加盟団体等が定めた取扱等を提出すること。
A53: ⑦ 公共交通機関を利用した場合は、利用区間名(バス停、駅)を記入すること。

Sheet 様式２－６⑧事業別領収書（ふるさと）
A1: 様式２－６⑧
G3: 令和 | J3: 7 | L3: 年度 | P3: ふるさと選手活動支援事業 領収書１
A5: 団体名 | G5: 宮崎県アイスホッケー連盟
AC7: 作成者名（ 齋藤 豊光 ）
A8: No | C8: 氏 名 | J8: 期日 | N8: 交 通 | T8: 支 払 額 | AF8: 受領日 | AP8: 受領 サイン
N9: 区 間 | T9: 交通費 | X9: 宿泊費 | AB9: 雑費
A10: 1 | C10: 渡辺 悟 | J10: 45969 | N10: 航空機・ﾊﾞｽ | T10: 1020 | X10: 0 | AB10: 2200 | AF10: 45969
N11: 電車・車(60)㎞
N12: 西新～福岡
A13: 2 | C13: 小田桐尚矢 | J13: 45969 | N13: 航空機・ﾊﾞｽ | T13: 850 | X13: 0 | AB13: 2200 | AF13: 45969
N14: 電車・車(50)㎞
N15: 香椎～福岡
A16: 3 | C16: 山口 文吾 | J16: 45969 | N16: 航空機・ﾊﾞｽ | T16: 1020 | X16: 0 | AB16: 2200 | AF16: 45969
N17: 電車・車(60)㎞
N18: 筑紫～福岡
A19: 4 | C19: 大野 航輝 | J19: 45969 | N19: 航空機・ﾊﾞｽ | T19: 3060 | X19: 0 | AB19: 2200 | AF19: 45969
N20: 電車・車（180)㎞
N21: 久留米～福岡
A22: 5 | C22: 久高 弘之 | J22: 45969 | N22: 航空機・ﾊﾞｽ | T22: 3060 | X22: 0 | AB22: 2200 | AF22: 45969
N23: 電車・車（180)㎞
N24: 久留米～福岡
A25: 6 | C25: 図師 良介 | J25: 45969 | N25: 航空機・ﾊﾞｽ | T25: 3060 | X25: 0 | AB25: 2200 | AF25: 45969
N26: 電車・車(180)㎞
N27: 古賀～福岡
A28: 7 | C28: 日髙 友暉 | J28: 45969 | N28: 航空機・ﾊﾞｽ | T28: 2040 | X28: 0 | AB28: 2200 | AF28: 45969
N29: 電車・車(120)㎞
N30: 和白～福岡
A31: 8 | C31: 富高 史也 | J31: 45969 | N31: 新幹線 | T31: 27080 | X31: 5620 | AB31: 2200 | AF31: 45969
N32: 電車・車( )㎞
N33: 兵庫～博多
A34: 9 | C34: 齋藤 大地 | J34: 45969 | N34: 新幹線 | T34: 28180 | X34: 5620 | AB34: 2200 | AF34: 45969
N35: 電車・車( )㎞
N36: 西明石～博多
A37: 10
P40: 合 計 | T40: =SUM(T10:W36) -> 69370 | X40: =SUM(X10:AA39) -> 11240 | AB40: =SUM(AB10:AE36) -> 19800 | AF40: 旅費合計 | AL40: =SUM(T40:AE40) -> 100410
A41: 記入責任者氏名( 齋藤 豊光 ) | AB41: 電話番号(０９０－８２２４－０８４２ )
A42: 記入上の注意
A43: ① 金額欄は、同額であっても「同上」、「〃」で記入せず、必ず金額を記入のこと。
A44: ② 受領した本人が自署または押印すること。
A45: 航空機利用の場合、領収書（利用者氏名・利用区間・便名・搭乗日が記載されているもの）を添付すること。
A46: ③ 旅行業者等に交通手段・宿泊等を一括手配（依頼）し利用した場合は、旅行業者の領収書を添付する。
A47: 但し、内訳として交通費と宿泊費の明細を添付のこと。
A48: ④ 交通費は、最も経済的な通常の経路、方法により算出すること。
A49: ⑤ 自家用車を利用した場合、出発地と目的地間の最短距離(㎞ 端数切捨)に１７円を乗じた額とする。
A50: また、有料道路利用の場合は、領収書または利用証明書を添付すること。
A51: ⑥ 加盟団体等が定めた取扱等がある場合は、その取扱等により計算した額とすること。但し、本会の基準で計算した額を
A52: 上限とし、超過する場合は補助対象外とする。(注) この場合は、加盟団体等が定めた取扱等を提出すること。
A53: ⑦ 公共交通機関を利用した場合は、利用区間名(バス停、駅)を記入すること。

Sheet 様式２－６⑨事業別領収書（ふるさと）
A1: 様式２－６⑨
G3: 令和 | J3: 7 | L3: 年度 | P3: ふるさと選手活動支援事業 領収書１
A5: 団体名 | G5: 宮崎県アイスホッケー連盟
AC7: 作成者名（ 齋藤 豊光 ）
A8: No | C8: 氏 名 | J8: 期日 | N8: 交 通 | T8: 支 払 額 | AF8: 受領日 | AP8: 受領 サイン
N9: 区 間 | T9: 交通費 | X9: 宿泊費 | AB9: 雑費
A10: 1 | C10: 渡辺 悟 | J10: 11/22 | N10: 航空機・ﾊﾞｽ | T10: 1700 | X10: 0 | AB10: 2200 | AF10: 11/22
N11: 電車・車(100)㎞
N12: 西新～久留米
A13: 2 | C13: 小田桐尚矢 | J13: 11/22 | N13: 航空機・ﾊﾞｽ | T13: 1615 | X13: 0 | AB13: 2200 | AF13: 11/22
N14: 電車・車(95)㎞
N15: 香椎～久留米
A16: 3 | C16: 山口 文吾 | J16: 11/22 | N16: 航空機・ﾊﾞｽ | T16: 680 | X16: 0 | AB16: 2200 | AF16: 11/22
N17: 電車・車(40)㎞
N18: 筑紫～久留米
A19: 4 | C19: 大野 航輝 | J19: 11/22 | N19: 航空機・ﾊﾞｽ | T19: 0 | X19: 0 | AB19: 2200 | AF19: 11/22
N20: 電車・車( )㎞
N21: ～
A22: 5 | C22: 久高 弘之 | J22: 11/22 | N22: 航空機・ﾊﾞｽ | T22: 0 | X22: 0 | AB22: 2200 | AF22: 11/22
N23: 電車・車( )㎞
N24: ～
A25: 6 | C25: 図師 良介 | J25: 11/22 | N25: 航空機・ﾊﾞｽ | T25: 5030 | X25: 0 | AB25: 2200 | AF25: 11/22
N26: 電車・車(150)㎞
N27: 古賀～久留米
A28: 7 | C28: 日髙 友暉 | J28: 11/22 | N28: 航空機・ﾊﾞｽ | T28: 1870 | X28: 0 | AB28: 2200 | AF28: 11/22
N29: 電車・車(110)㎞
N30: 和白～久留米
A31: 8
A34: 9
A37: 10
P40: 合 計 | T40: =SUM(T10:W30) -> 10895 | X40: =SUM(X10:AA39) -> 0 | AB40: =SUM(AB10:AE30) -> 15400 | AF40: 旅費合計 | AL40: =SUM(T40:AE40) -> 26295
A41: 記入責任者氏名( 齋藤 豊光 ) | AB41: 電話番号(０９０－８２２４－０８４２ )
A42: 記入上の注意
A43: ① 金額欄は、同額であっても「同上」、「〃」で記入せず、必ず金額を記入のこと。
A44: ② 受領した本人が自署または押印すること。
A45: 航空機利用の場合、領収書（利用者氏名・利用区間・便名・搭乗日が記載されているもの）を添付すること。
A46: ③ 旅行業者等に交通手段・宿泊等を一括手配（依頼）し利用した場合は、旅行業者の領収書を添付する。
A47: 但し、内訳として交通費と宿泊費の明細を添付のこと。
A48: ④ 交通費は、最も経済的な通常の経路、方法により算出すること。
A49: ⑤ 自家用車を利用した場合、出発地と目的地間の最短距離(㎞ 端数切捨)に１７円を乗じた額とする。
A50: また、有料道路利用の場合は、領収書または利用証明書を添付すること。
A51: ⑥ 加盟団体等が定めた取扱等がある場合は、その取扱等により計算した額とすること。但し、本会の基準で計算した額を
A52: 上限とし、超過する場合は補助対象外とする。(注) この場合は、加盟団体等が定めた取扱等を提出すること。
A53: ⑦ 公共交通機関を利用した場合は、利用区間名(バス停、駅)を記入すること。

Sheet 様式２－６⑩事業別（強化２名）
A1: 様式２－６⑩
G3: 令和 | J3: 7 | L3: 年度 | P3: 選手強化活動支援事業 領収書１
A5: 団体名 | G5: 宮崎県アイスホッケー連盟
AC7: 作成者名（ 齋藤 豊光 ）
A8: No | C8: 氏 名 | J8: 期日 | N8: 交 通 | T8: 支 払 額 | AF8: 受領日 | AP8: 受領 サイン
N9: 区 間 | T9: 交通費 | X9: 宿泊費 | AB9: 雑費
A10: 1 | C10: 中村 里惟 | J10: 12/27 | N10: 航空機・ﾊﾞｽ | T10: 8840 | X10: 0 | AB10: 400 | AF10: 12/27
N11: 電車・車(５２０)㎞
N12: 宮崎市～久留米
A13: 2 | C13: 宮崎 将嗣 | J13: 12/27 | N13: 航空機・ﾊﾞｽ | X13: 0 | AF13: 12/27
N14: 電車・車( )㎞
N15: 香椎～久留米
A16: 3 | X16: 0
A19: 4 | X19: 0
A22: 5 | X22: 0
A25: 6 | X25: 0
A28: 7 | X28: 0
A31: 8
A34: 9
A37: 10
P40: 合 計 | T40: =SUM(T10:W30) -> 8840 | X40: =SUM(X10:AA39) -> 0 | AB40: =SUM(AB10:AE39) -> 400 | AF40: 旅費合計 | AL40: =SUM(T40:AE40) -> 9240
A41: 記入責任者氏名( 齋藤 豊光 ) | AB41: 電話番号(０９０－８２２４－０８４２ )
A42: 記入上の注意
A43: ① 金額欄は、同額であっても「同上」、「〃」で記入せず、必ず金額を記入のこと。
A44: ② 受領した本人が自署または押印すること。
A45: 航空機利用の場合、領収書（利用者氏名・利用区間・便名・搭乗日が記載されているもの）を添付すること。
A46: ③ 旅行業者等に交通手段・宿泊等を一括手配（依頼）し利用した場合は、旅行業者の領収書を添付する。
A47: 但し、内訳として交通費と宿泊費の明細を添付のこと。
A48: ④ 交通費は、最も経済的な通常の経路、方法により算出すること。
A49: ⑤ 自家用車を利用した場合、出発地と目的地間の最短距離(㎞ 端数切捨)に１７円を乗じた額とする。
A50: また、有料道路利用の場合は、領収書または利用証明書を添付すること。
A51: ⑥ 加盟団体等が定めた取扱等がある場合は、その取扱等により計算した額とすること。但し、本会の基準で計算した額を
A52: 上限とし、超過する場合は補助対象外とする。(注) この場合は、加盟団体等が定めた取扱等を提出すること。
A53: ⑦ 公共交通機関を利用した場合は、利用区間名(バス停、駅)を記入すること。

Sheet 様式２－６⑪事業別（強化）
A1: 様式２－６⑪
G3: 令和 | J3: 7 | L3: 年度 | P3: 選手強化活動支援事業 領収書１
A5: 団体名 | G5: 宮崎県アイスホッケー連盟
AC7: 作成者名（ 齋藤 豊光 ）
A8: No | C8: 氏 名 | J8: 期日 | N8: 交 通 | T8: 支 払 額 | AF8: 受領日 | AP8: 受領 サイン
N9: 区 間 | T9: 交通費 | X9: 宿泊費 | AB9: 雑費
A10: 1 | C10: 蛯原 智仁 | J10: 1/10 | N10: 航空機・ﾊﾞｽ | T10: 高速代 | X10: 0 | AB10: 400 | AF10: 1/10
N11: 電車・車(210)㎞
N12: 田野～久留米
A13: 2 | T13: 3570 | X13: 0
A16: 3 | X16: 0
A19: 4 | X19: 0
A22: 5 | X22: 0
A25: 6 | X25: 0
A28: 7 | X28: 0
A31: 8
A34: 9
A37: 10
P40: 合 計 | T40: =SUM(T10:W30) -> 3570 | X40: =SUM(X10:AA39) -> 0 | AB40: =SUM(AB10:AE39) -> 400 | AF40: 旅費合計 | AL40: =SUM(T40:AE40) -> 3970
A41: 記入責任者氏名( 齋藤 豊光 ) | AB41: 電話番号(０９０－８２２４－０８４２ )
A42: 記入上の注意
A43: ① 金額欄は、同額であっても「同上」、「〃」で記入せず、必ず金額を記入のこと。
A44: ② 受領した本人が自署または押印すること。
A45: 航空機利用の場合、領収書（利用者氏名・利用区間・便名・搭乗日が記載されているもの）を添付すること。
A46: ③ 旅行業者等に交通手段・宿泊等を一括手配（依頼）し利用した場合は、旅行業者の領収書を添付する。
A47: 但し、内訳として交通費と宿泊費の明細を添付のこと。
A48: ④ 交通費は、最も経済的な通常の経路、方法により算出すること。
A49: ⑤ 自家用車を利用した場合、出発地と目的地間の最短距離(㎞ 端数切捨)に１７円を乗じた額とする。
A50: また、有料道路利用の場合は、領収書または利用証明書を添付すること。
A51: ⑥ 加盟団体等が定めた取扱等がある場合は、その取扱等により計算した額とすること。但し、本会の基準で計算した額を
A52: 上限とし、超過する場合は補助対象外とする。(注) この場合は、加盟団体等が定めた取扱等を提出すること。
A53: ⑦ 公共交通機関を利用した場合は、利用区間名(バス停、駅)を記入すること。

Sheet 様式２－６⑫事業別領収書（ふるさと）
A1: 様式２－６⑪
G3: 令和 | J3: 7 | L3: 年度 | P3: 選手強化活動支援事業 領収書１
A5: 団体名 | G5: 宮崎県アイスホッケー連盟
AC7: 作成者名（ 齋藤 豊光 ）
A8: No | C8: 氏 名 | J8: 期日 | N8: 交 通 | T8: 支 払 額 | AF8: 受領日 | AP8: 受領 サイン
N9: 区 間 | T9: 交通費 | X9: 宿泊費 | AB9: 雑費
A10: 1 | C10: 中村 里惟 | J10: 1/17 | N10: 航空機・ﾊﾞｽ | T10: 8840 | X10: 0 | AB10: 400 | AF10: 1/17
N11: 電車・車(520)㎞
N12: 宮崎市～久留米
A13: 2 | X13: 0
A16: 3 | X16: 0
A19: 4 | X19: 0
A22: 5 | X22: 0
A25: 6 | X25: 0
A28: 7 | X28: 0
A31: 8
A34: 9 | C34: 中村
A37: 10
P40: 合 計 | T40: =SUM(T10:W30) -> 8840 | X40: =SUM(X10:AA39) -> 0 | AB40: =SUM(AB10:AE39) -> 400 | AF40: 旅費合計 | AL40: =SUM(T40:AE40) -> 9240
A41: 記入責任者氏名( 齋藤 豊光 ) | AB41: 電話番号(０９０－８２２４－０８４２ )
A42: 記入上の注意
A43: ① 金額欄は、同額であっても「同上」、「〃」で記入せず、必ず金額を記入のこと。
A44: ② 受領した本人が自署または押印すること。
A45: 航空機利用の場合、領収書（利用者氏名・利用区間・便名・搭乗日が記載されているもの）を添付すること。
A46: ③ 旅行業者等に交通手段・宿泊等を一括手配（依頼）し利用した場合は、旅行業者の領収書を添付する。
A47: 但し、内訳として交通費と宿泊費の明細を添付のこと。
A48: ④ 交通費は、最も経済的な通常の経路、方法により算出すること。
A49: ⑤ 自家用車を利用した場合、出発地と目的地間の最短距離(㎞ 端数切捨)に１７円を乗じた額とする。
A50: また、有料道路利用の場合は、領収書または利用証明書を添付すること。
A51: ⑥ 加盟団体等が定めた取扱等がある場合は、その取扱等により計算した額とすること。但し、本会の基準で計算した額を
A52: 上限とし、超過する場合は補助対象外とする。(注) この場合は、加盟団体等が定めた取扱等を提出すること。
A53: ⑦ 公共交通機関を利用した場合は、利用区間名(バス停、駅)を記入すること。

Sheet 様式２－６⑬事業別領収書（強化中村１名）
A1: 様式２－６⑬
G3: 令和 | J3: 7 | L3: 年度 | P3: ふるさと選手活動支援事業 領収書１
A5: 団体名 | G5: 宮崎県アイスホッケー連盟
AC7: 作成者名（ 齋藤 豊光 ）
A8: No | C8: 氏 名 | J8: 期日 | N8: 交 通 | T8: 支 払 額 | AF8: 受領日 | AP8: 受領 サイン
N9: 区 間 | T9: 交通費 | X9: 宿泊費 | AB9: 雑費
A10: 1 | C10: 渡辺 悟 | J10: 46046 | N10: 航空機・ﾊﾞｽ | T10: 1020 | X10: 0 | AB10: 2200 | AF10: 46046
N11: 電車・車(60)㎞
N12: 西新～福岡
A13: 2 | C13: 小田桐尚矢 | J13: 46046 | N13: 航空機・ﾊﾞｽ | T13: 850 | X13: 0 | AB13: 2200 | AF13: 46046
N14: 電車・車(50)㎞
N15: 香椎～福岡
A16: 3 | C16: 山口 文吾 | J16: 46046 | N16: 航空機・ﾊﾞｽ | T16: 1020 | X16: 0 | AB16: 2200 | AF16: 46046
N17: 電車・車(60)㎞
N18: 筑紫～福岡
A19: 4 | C19: 大野 航輝 | J19: 46046 | N19: 航空機・ﾊﾞｽ | T19: 3060 | X19: 0 | AB19: 2200 | AF19: 46046
N20: 電車・車（180)㎞
N21: 久留米～福岡
A22: 5 | C22: 久高 弘之 | J22: 46046 | N22: 航空機・ﾊﾞｽ | T22: 3060 | X22: 0 | AB22: 2200 | AF22: 46046
N23: 電車・車（180)㎞
N24: 久留米～福岡
A25: 6 | C25: 図師 良介 | J25: 46046 | N25: 航空機・ﾊﾞｽ | T25: 3060 | X25: 0 | AB25: 2200 | AF25: 46046
N26: 電車・車(180)㎞
N27: 古賀～福岡
A28: 7 | C28: 日髙 友暉 | J28: 46046 | N28: 航空機・ﾊﾞｽ | T28: 2040 | X28: 0 | AB28: 2200 | AF28: 46046
N29: 電車・車(120)㎞
N30: 和白～福岡
A31: 8 | C31: 小田桐浩希 | J31: 46046 | N31: 航空機 | T31: 47518 | X31: 0 | AB31: 2200 | AF31: 46046
N32: 電車・車( )㎞
N33: 羽田～福岡
A34: 9
A37: 10
P40: 合 計 | T40: =SUM(T10:W33) -> 61628 | X40: =SUM(X10:AA39) -> 0 | AB40: =SUM(AB10:AE33) -> 17600 | AF40: 旅費合計 | AL40: =SUM(T40:AE40) -> 79228
A41: 記入責任者氏名( 齋藤 豊光 ) | AB41: 電話番号(０９０－８２２４－０８４２ )
A42: 記入上の注意
A43: ① 金額欄は、同額であっても「同上」、「〃」で記入せず、必ず金額を記入のこと。
A44: ② 受領した本人が自署または押印すること。
A45: 航空機利用の場合、領収書（利用者氏名・利用区間・便名・搭乗日が記載されているもの）を添付すること。
A46: ③ 旅行業者等に交通手段・宿泊等を一括手配（依頼）し利用した場合は、旅行業者の領収書を添付する。
A47: 但し、内訳として交通費と宿泊費の明細を添付のこと。
A48: ④ 交通費は、最も経済的な通常の経路、方法により算出すること。
A49: ⑤ 自家用車を利用した場合、出発地と目的地間の最短距離(㎞ 端数切捨)に１７円を乗じた額とする。
A50: また、有料道路利用の場合は、領収書または利用証明書を添付すること。
A51: ⑥ 加盟団体等が定めた取扱等がある場合は、その取扱等により計算した額とすること。但し、本会の基準で計算した額を
A52: 上限とし、超過する場合は補助対象外とする。(注) この場合は、加盟団体等が定めた取扱等を提出すること。
A53: ⑦ 公共交通機関を利用した場合は、利用区間名(バス停、駅)を記入すること。

Sheet 様式２－６⑭事業別（強化・蛯原中村）
A1: 様式２－６⑭
G3: 令和 | J3: 7 | L3: 年度 | P3: 選手強化支援事業 領収書１
A5: 団体名 | G5: （西南学院参加）宮崎県アイスホッケー連盟
AC7: 作成者名（ 齋藤 豊光 ）
A8: No | C8: 氏 名 | J8: 期日 | N8: 交 通 | T8: 支 払 額 | AF8: 受領日 | AP8: 受領 サイン
N9: 区 間 | T9: 交通費 | X9: 宿泊費 | AB9: 雑費
A10: 1 | C10: 中村 里惟 | J10: 1/30 | N10: 航空機・ﾊﾞｽ | X10: 0 | AF10: 1/30
N11: 電車・車( )㎞
N12: 宮崎～福岡
A13: 2 | C13: 蛯原 智仁 | N13: 航空機・ﾊﾞｽ | X13: 0 | AF13: 1/30
N14: 電車・車( )㎞
N15: 宮崎～福岡
A16: 3
A19: 4
A22: 5
A25: 6
A28: 7
A31: 8
A34: 9
A37: 10
P40: 合 計 | T40: =SUM(T10:W30) -> 0 | X40: =SUM(X10:AA39) -> 0 | AB40: =SUM(AB10:AE39) -> 0 | AF40: 旅費合計 | AL40: =SUM(T40:AE40) -> 0
A41: 記入責任者氏名( 齋藤 豊光 ) | AB41: 電話番号(０９０－８２２４－０８４２ )
A42: 記入上の注意
A43: ① 金額欄は、同額であっても「同上」、「〃」で記入せず、必ず金額を記入のこと。
A44: ② 受領した本人が自署または押印すること。
A45: 航空機利用の場合、領収書（利用者氏名・利用区間・便名・搭乗日が記載されているもの）を添付すること。
A46: ③ 旅行業者等に交通手段・宿泊等を一括手配（依頼）し利用した場合は、旅行業者の領収書を添付する。
A47: 但し、内訳として交通費と宿泊費の明細を添付のこと。
A48: ④ 交通費は、最も経済的な通常の経路、方法により算出すること。
A49: ⑤ 自家用車を利用した場合、出発地と目的地間の最短距離(㎞ 端数切捨)に１７円を乗じた額とする。
A50: また、有料道路利用の場合は、領収書または利用証明書を添付すること。
A51: ⑥ 加盟団体等が定めた取扱等がある場合は、その取扱等により計算した額とすること。但し、本会の基準で計算した額を
A52: 上限とし、超過する場合は補助対象外とする。(注) この場合は、加盟団体等が定めた取扱等を提出すること。
A53: ⑦ 公共交通機関を利用した場合は、利用区間名(バス停、駅)を記入すること。

Sheet 様式２－６⑮事業領収書（ふるさと）
A1: 様式２－６⑮
G3: 令和 | J3: 7 | L3: 年度 | P3: ふるさと選手活動支援事業 領収書１
A5: 団体名 | G5: 宮崎県アイスホッケー連盟
AC7: 作成者名（ 齋藤 豊光 ）
A8: No | C8: 氏 名 | J8: 期日 | N8: 交 通 | T8: 支 払 額 | AF8: 受領日 | AP8: 受領 サイン
N9: 区 間 | T9: 交通費 | X9: 宿泊費 | AB9: 雑費
A10: 1 | C10: 渡辺 悟 | J10: ２/７ | N10: 航空機・ﾊﾞｽ | T10: 4080 | X10: 0 | AB10: 2200 | AF10: ２/７
N11: 電車・車(240)㎞
N12: 西新～熊本
A13: 2 | C13: 山口 文吾 | J13: ２/７ | N13: 航空機・ﾊﾞｽ | T13: 3400 | X13: 0 | AB13: 2200 | AF13: ２/７
N14: 電車・車(200)㎞
N15: 筑紫～熊本
A16: 3 | N16: 航空機・ﾊﾞｽ | X16: 0
N17: 電車・車( )㎞
N18: ～
A19: 4 | N19: 航空機・ﾊﾞｽ | X19: 0
N20: 電車・車( )㎞
N21: ～
A22: 5 | N22: 航空機・ﾊﾞｽ | X22: 0
N23: 電車・車( )㎞
N24: ～
A25: 6 | N25: 航空機・ﾊﾞｽ | X25: 0
N26: 電車・車(150)㎞
N27: 古賀～久留米
A28: 7 | N28: 航空機・ﾊﾞｽ | X28: 0
N29: 電車・車(110)㎞
N30: 和白～熊本
A31: 8
A34: 9
A37: 10
P40: 合 計 | T40: =SUM(T10:W30) -> 7480 | X40: =SUM(X10:AA39) -> 0 | AB40: =SUM(AB10:AE39) -> 4400 | AF40: 旅費合計 | AL40: =SUM(T40:AE40) -> 11880
A41: 記入責任者氏名( 齋藤 豊光 ) | AB41: 電話番号(０９０－８２２４－０８４２ )
A42: 記入上の注意
A43: ① 金額欄は、同額であっても「同上」、「〃」で記入せず、必ず金額を記入のこと。
A44: ② 受領した本人が自署または押印すること。
A45: 航空機利用の場合、領収書（利用者氏名・利用区間・便名・搭乗日が記載されているもの）を添付すること。
A46: ③ 旅行業者等に交通手段・宿泊等を一括手配（依頼）し利用した場合は、旅行業者の領収書を添付する。
A47: 但し、内訳として交通費と宿泊費の明細を添付のこと。
A48: ④ 交通費は、最も経済的な通常の経路、方法により算出すること。
A49: ⑤ 自家用車を利用した場合、出発地と目的地間の最短距離(㎞ 端数切捨)に１７円を乗じた額とする。
A50: また、有料道路利用の場合は、領収書または利用証明書を添付すること。
A51: ⑥ 加盟団体等が定めた取扱等がある場合は、その取扱等により計算した額とすること。但し、本会の基準で計算した額を
A52: 上限とし、超過する場合は補助対象外とする。(注) この場合は、加盟団体等が定めた取扱等を提出すること。
A53: ⑦ 公共交通機関を利用した場合は、利用区間名(バス停、駅)を記入すること。

Sheet 様式２－６⑯事業別領収書（ふるさと）
A1: 様式２－６⑯
G3: 令和 | J3: 7 | L3: 年度 | P3: ふるさと選手活動支援事業 領収書１
A5: 団体名 | G5: 宮崎県アイスホッケー連盟
AC7: 作成者名（ 齋藤 豊光 ）
A8: No | C8: 氏 名 | J8: 期日 | N8: 交 通 | T8: 支 払 額 | AF8: 受領日 | AP8: 受領 サイン
N9: 区 間 | T9: 交通費 | X9: 宿泊費 | AB9: 雑費
A10: 1 | C10: 渡辺 悟 | J10: ２/21 | N10: 航空機・ﾊﾞｽ | T10: 4080 | X10: 0 | AB10: 2200 | AF10: ２/21
N11: 電車・車(240)㎞
N12: 西新～熊本
A13: 2 | C13: 山口 文吾 | J13: ２/21 | N13: 航空機・ﾊﾞｽ | T13: 3400 | AB13: 2200 | AF13: ２/21
N14: 電車・車（200)㎞
N15: 筑紫～熊本
A16: 3 | N16: 航空機・ﾊﾞｽ
N17: 電車・車( )㎞
N18: ～
A19: 4 | N19: 航空機・ﾊﾞｽ
N20: 電車・車( )㎞
N21: ～
A22: 5 | N22: 航空機・ﾊﾞｽ
N23: 電車・車( )㎞
N24: ～
A25: 6 | N25: 航空機・ﾊﾞｽ
N26: 電車・車( )㎞
N27: ～
A28: 7 | N28: 航空機・ﾊﾞｽ
N29: 電車・車( )㎞
N30: ～
A31: 8
A34: 9
A37: 10
P40: 合 計 | T40: =SUM(T10:W30) -> 7480 | X40: =SUM(X10:AA39) -> 0 | AB40: =SUM(AB10:AE39) -> 4400 | AF40: 旅費合計 | AL40: =SUM(T40:AE40) -> 11880
A41: 記入責任者氏名( 齋藤 豊光 ) | AB41: 電話番号(０９０－８２２４－０８４２ )
A42: 記入上の注意
A43: ① 金額欄は、同額であっても「同上」、「〃」で記入せず、必ず金額を記入のこと。
A44: ② 受領した本人が自署または押印すること。
A45: 航空機利用の場合、領収書（利用者氏名・利用区間・便名・搭乗日が記載されているもの）を添付すること。
A46: ③ 旅行業者等に交通手段・宿泊等を一括手配（依頼）し利用した場合は、旅行業者の領収書を添付する。
A47: 但し、内訳として交通費と宿泊費の明細を添付のこと。
A48: ④ 交通費は、最も経済的な通常の経路、方法により算出すること。
A49: ⑤ 自家用車を利用した場合、出発地と目的地間の最短距離(㎞ 端数切捨)に１７円を乗じた額とする。
A50: また、有料道路利用の場合は、領収書または利用証明書を添付すること。
A51: ⑥ 加盟団体等が定めた取扱等がある場合は、その取扱等により計算した額とすること。但し、本会の基準で計算した額を
A52: 上限とし、超過する場合は補助対象外とする。(注) この場合は、加盟団体等が定めた取扱等を提出すること。
A53: ⑦ 公共交通機関を利用した場合は、利用区間名(バス停、駅)を記入すること。

Sheet 様式２－６⑰事業別領収書（ふるさと）
A1: 様式２－６⑰
G3: 令和 | J3: 7 | L3: 年度 | P3: ふるさと選手活動支援事業 領収書１
A5: 団体名 | G5: 宮崎県アイスホッケー連盟
AC7: 作成者名（ 齋藤 豊光 ）
A8: No | C8: 氏 名 | J8: 期日 | N8: 交 通 | T8: 支 払 額 | AF8: 受領日 | AP8: 受領 サイン
N9: 区 間 | T9: 交通費 | X9: 宿泊費 | AB9: 雑費
A10: 1 | C10: 渡辺 悟 | J10: 46081 | N10: 航空機・ﾊﾞｽ | T10: 1020 | X10: 0 | AB10: 2200 | AF10: 46081
N11: 電車・車(60)㎞
N12: 西新～福岡
A13: 2 | C13: 小田桐尚矢 | J13: 46081 | N13: 航空機・ﾊﾞｽ | T13: 850 | X13: 0 | AB13: 2200 | AF13: 46081
N14: 電車・車(50)㎞
N15: 香椎～福岡
A16: 3 | C16: 山口 文吾 | J16: 46081 | N16: 航空機・ﾊﾞｽ | T16: 1020 | X16: 0 | AB16: 2200 | AF16: 46081
N17: 電車・車(60)㎞
N18: 筑紫～福岡
A19: 4 | C19: 大野 航輝 | J19: 46081 | N19: 航空機・ﾊﾞｽ | T19: 3060 | X19: 0 | AB19: 2200 | AF19: 46081
N20: 電車・車（180)㎞
N21: 久留米～福岡
A22: 5 | C22: 久高 弘之 | J22: 46081 | N22: 航空機・ﾊﾞｽ | T22: 3060 | X22: 0 | AB22: 2200 | AF22: 46081
N23: 電車・車（180)㎞
N24: 久留米～福岡
A25: 6 | C25: 図師 良介 | J25: 46081 | N25: 航空機・ﾊﾞｽ | T25: 3060 | X25: 0 | AB25: 2200 | AF25: 46081
N26: 電車・車(180)㎞
N27: 古賀～福岡
A28: 7 | C28: 日髙 友暉 | J28: 46081 | N28: 航空機・ﾊﾞｽ | T28: 2040 | X28: 0 | AB28: 2200 | AF28: 46081
N29: 電車・車(120)㎞
N30: 和白～福岡
A31: 8 | C31: 小田桐浩希 | J31: 46081 | N31: 航空機 | T31: 68496 | AB31: 2200 | AF31: 46081
N32: 電車・車( )㎞
N33: 羽田～福岡
A34: 9
A37: 10
P40: 合 計 | T40: =SUM(T10:W33) -> 82606 | X40: =SUM(X10:AA39) -> 0 | AB40: =SUM(AB10:AE39) -> 17600 | AF40: 旅費合計 | AL40: =SUM(T40:AE40) -> 100206
A41: 記入責任者氏名( 齋藤 豊光 ) | AB41: 電話番号(０９０－８２２４－０８４２ )
A42: 記入上の注意
A43: ① 金額欄は、同額であっても「同上」、「〃」で記入せず、必ず金額を記入のこと。
A44: ② 受領した本人が自署または押印すること。
A45: 航空機利用の場合、領収書（利用者氏名・利用区間・便名・搭乗日が記載されているもの）を添付すること。
A46: ③ 旅行業者等に交通手段・宿泊等を一括手配（依頼）し利用した場合は、旅行業者の領収書を添付する。
A47: 但し、内訳として交通費と宿泊費の明細を添付のこと。
A48: ④ 交通費は、最も経済的な通常の経路、方法により算出すること。
A49: ⑤ 自家用車を利用した場合、出発地と目的地間の最短距離(㎞ 端数切捨)に１７円を乗じた額とする。
A50: また、有料道路利用の場合は、領収書または利用証明書を添付すること。
A51: ⑥ 加盟団体等が定めた取扱等がある場合は、その取扱等により計算した額とすること。但し、本会の基準で計算した額を
A52: 上限とし、超過する場合は補助対象外とする。(注) この場合は、加盟団体等が定めた取扱等を提出すること。
A53: ⑦ 公共交通機関を利用した場合は、利用区間名(バス停、駅)を記入すること。

Sheet 様式２－６⑭事業別領収書
A1: 様式2－7事業別領収書２
B3: 令和 | C3: 7 | D3: 年度 | E3: ふるさと選手活動支援 | I3: 事業領収書
O4: 選手強化費
A5: 団体名 | C5: アイスホッケー連盟 | O5: トップチーム活用事業
O6: ふるさと選手活動支援
A8: ※ 領収書の宛先は、補助対象の競技団体（個人）名とする。
A10: ※ 旅行業者等に交通手段・宿舎等を一括手配（依頼）した場合は、その旅行業者の領収書を添付 すること。ただし、内訳として、交通費と宿泊費の明細を添付すること。
A13: ※ 航空機を利用した場合も、業者からの領収書（利用者氏名・利用区間・便名・搭乗日が記載さ れているもの）を添付すること。
A16: ※ 有料道路利用の場合は、領収書または利用証明書を添付すること。
A18: ※ 宿泊した場合は、宿泊場所の宿泊証明書（様式２－４）を必ず添付すること。 旅行業者に一括依頼した場合でも、「宿泊証明」は必要である。
A21: ※ 領収書１件の額が、５万円以上の場合は法定の収入印紙を貼付すること。

Sheet 様式2－8①②③④　事業別スナップ写真
A1: 様式２－８①②③④事業別スナップ写真
B3: 令和 | C3: 7 | D3: 年度 | E3: 選手強化費 | I3: スナップ写真
A5: 団体名 | C5: 宮崎県アイスホッケー連盟
A25: ■①：5月１４日：福岡オービジョンアリーナ | F25: ■②：6月１４日：福岡オービジョンアリーナ
A42: ■③：８月２３日：久留米 | F42: ■④：９月１３日：久留米

Sheet 様式２－８➄⑥⑦⑧事業別スナップ写真
A1: 様式２－８➄⑥⑦⑧事業別スナップ写真
B3: 令和 | C3: 7 | D3: 年度 | E3: 選手強化費 | I3: スナップ写真
A5: 団体名 | C5: 宮崎県アイスホッケー連盟
A25: ■➄：９月２７日：オービジョンアリーナ | F25: ■⑥：１０月４日：久留米
A42: ■⑦：１０月２５日：久留米 | F42: ■⑧：１１月８日：オービジョンアリーナ

Sheet 様式２－８⑨⑩⑪⑫事業別スナップ写真
A1: 様式２－８⑨⑩⑪⑫事業別スナップ写真
B3: 令和 | C3: 7 | D3: 年度 | E3: 選手強化費 | I3: スナップ写真
A5: 団体名 | C5: 宮崎県アイスホッケー連盟
A25: ■⑨：１１月２２日：久留米 | F25: ■⑩：１２月２７日：久留米
A42: ■⑪：R8年１月１０日：えびの高原スケート | F42: ■⑫：R８年１月１７日：久留米

Sheet 様式２－８⑬⑭⑮⑯事業別スナップ写真
A1: 様式２－８⑬⑭⑮⑯事業別スナップ写真
B3: 令和 | C3: 7 | D3: 年度 | E3: 選手強化費 | I3: スナップ写真
A5: 団体名 | C5: 宮崎県アイスホッケー連盟
A25: ■⑬：令和８年１月２４日：オービジョンアリーナ | F25: ■⑭：令和８年１月３０日：オービジョンアリーナ
A42: ■⑮：R8年２月７日：熊本アクアドーム | F42: ■⑯：R８年２月２１日：熊本アクアドーム

Sheet 様式２－８⑰事業別スナップ写真
A1: 様式２－８⑰事業別スナップ写真
B3: 令和 | C3: 7 | D3: 年度 | E3: 選手強化費 | I3: スナップ写真
A5: 団体名 | C5: 宮崎県アイスホッケー連盟
A25: ■⑰：令和８年２月２８日：福岡アクシオン

Sheet Sheet1
C3: 交通費 | D3: 宿泊費 | E3: 雑費 | F3: 合計
B4: ① | C4: 14110 | E4: 15400 | F4: =SUM(C4:E4) -> 29510
B5: ② | C5: 14110 | E5: 15400 | F5: =SUM(C5:E5) -> 29510
B6: ③ | C6: 10455 | E6: 15400 | F6: =SUM(C6:E6) -> 25855
B7: ④ | C7: 10895 | E7: 15400 | F7: =SUM(C7:E7) -> 26295
B8: ➄ | C8: 93770 | E8: 17600 | F8: =SUM(C8:E8) -> 111370
B9: ⑥ | C9: 8415 | E9: 15400 | F9: =SUM(C9:E9) -> 23815
B10: ⑦ | C10: 144905 | D10: 12500 | E10: 22000 | F10: =SUM(C10:E10) -> 179405
B11: ⑧ | C11: 69370 | D11: 11240 | E11: 19800 | F11: =SUM(C11:E11) -> 100410
B12: ⑨ | C12: 10895 | E12: 15400 | F12: =SUM(C12:E12) -> 26295
B13: ⑩ | F13: =SUM(C13:E13) -> 0
B14: ⑪ | F14: =SUM(C14:E14) -> 0
B15: ⑫ | F15: =SUM(C15:E15) -> 0
B16: ⑬ | C16: 61628 | E16: 17600 | F16: =SUM(C16:E16) -> 79228
B17: ⑭ | F17: =SUM(C17:E17) -> 0
B18: ⑮ | C18: 7480 | E18: 4400 | F18: =SUM(C18:E18) -> 11880
B19: ⑯ | C19: 7480 | E19: 4400 | F19: =SUM(C19:E19) -> 11880
B20: ⑰ | C20: 82606 | E20: 15400 | F20: =SUM(C20:E20) -> 98006
B23: 計 | C23: =SUM(C4:C20) -> 536119 | D23: =SUM(D10:D22) -> 23740 | E23: =SUM(E4:E20) -> 193600 | F23: =SUM(F4:F21) -> 753459

Sheet 訂正・プロジェクト収支決算
A1: 様式２－２
C3: 令和 | F3: ='様式２－１'!E15 -> 7 | H3: 年度 | M3: 宮崎国スポ強化戦略プロジェクト 収支決算書
A5: １ 収 入 | AE5: 単位：円
B6: 費 目 | J6: 金 額 | Q6: 内 訳
B7: １ 補助金 | J7: 2625000 | Q7: 宮崎県スポーツ協会からの補助金（①＋②＋③）
B8: ２ 負担金 | J8: 12089 | Q8: 競技団体負担金
B9: ３ その他
B10: 収入合計 | J10: =SUM(J7:P9) -> 2637089
A12: ２ 支 出 | AE12: 単位：円
B13: 費 目 | J13: 金 額 | Q13: 内 訳
Q14: ①国スポ選手 強化プロジェクト (選手強化費） | X14: ②トップチーム 活用事業 | AE14: ③ふるさと選手活動 支援プロジェクト
B15: １ 対象経費 | J15: =J16+J23+J25+J27+J29+J31 -> 2637089 | Q15: =Q16+Q23+Q25+Q27+Q29+Q31 -> 1886850 | X15: =X16+X23+X25+X27+X29 -> 0 | AE15: =AE16+AE23+AE25+AE27+AE29+AE31 -> 750239 | AN15: 交通費 | AO15: 宿泊費 | AP15: 雑費 | AQ15: 合計
C16: (1) 旅費 | J16: =SUM(J17:P22) -> 1776639 | Q16: =SUM(Q17:W22) -> 1026400 | X16: =SUM(X17:AD22) -> 0 | AE16: =SUM(AE17:AK22) -> 750239 | AM16: ① | AN16: 14110 | AP16: 15400 | AQ16: =SUM(AN16:AP16) -> 29510
D17: ① 交通費 | J17: =SUM(Q17:AK18) -> 1363449 | Q17: ='様式２－２－１ 事業別決算書（選手強化費）'!J16 -> 830550 | X17: ='様式２－２－１ 事業別決算書（トップチーム活用)'!J16 -> 0 | AE17: 532899 | AM17: ② | AN17: 14110 | AP17: 15400 | AQ17: =SUM(AN17:AP17) -> 29510
AM18: ③ | AN18: 10455 | AP18: 15400 | AQ18: =SUM(AN18:AP18) -> 25855
D19: ② 宿泊費 | J19: =SUM(Q19:AK20) -> 104990 | Q19: ='様式２－２－１ 事業別決算書（選手強化費）'!J18 -> 81250 | X19: ='様式２－２－１ 事業別決算書（トップチーム活用)'!J18 -> 0 | AE19: 23740 | AM19: ④ | AN19: 10895 | AP19: 15400 | AQ19: =SUM(AN19:AP19) -> 26295
AM20: ➄ | AN20: 93770 | AP20: 17600 | AQ20: =SUM(AN20:AP20) -> 111370
D21: ③ 旅行雑費 | J21: =SUM(Q21:AK22) -> 308200 | Q21: ='様式２－２－１ 事業別決算書（選手強化費）'!J20 -> 114600 | AE21: 193600 | AM21: ⑥ | AN21: 8415 | AP21: 15400 | AQ21: =SUM(AN21:AP21) -> 23815
AM22: ⑦ | AN22: 144905 | AO22: 12500 | AP22: 22000 | AQ22: =SUM(AN22:AP22) -> 179405
C23: (2) 使用料賃借料 | J23: =SUM(Q23:AK24) -> 373450 | Q23: ='様式２－２－１ 事業別決算書（選手強化費）'!$J$24 -> 373450 | X23: ='様式２－２－１ 事業別決算書（トップチーム活用)'!J22 -> 0 | AM23: ⑧ | AN23: 69370 | AO23: 11240 | AP23: 19800 | AQ23: =SUM(AN23:AP23) -> 100410
AM24: ⑨ | AN24: 10895 | AP24: 15400 | AQ24: =SUM(AN24:AP24) -> 26295
C25: (3) 報償費 | J25: =SUM(Q25:AK26) -> 0 | Q25: ='様式２－２－１ 事業別決算書（選手強化費）'!$J$26 -> 0 | X25: ='様式２－２－１ 事業別決算書（トップチーム活用)'!J24 -> 0 | AM25: ⑩ | AQ25: =SUM(AN25:AP25) -> 0
AM26: ⑪ | AQ26: =SUM(AN26:AP26) -> 0
C27: (4) 需用費 | J27: 487000 | Q27: ='様式２－２－１ 事業別決算書（選手強化費）'!$J$28 -> 487000 | X27: ='様式２－２－１ 事業別決算書（トップチーム活用)'!$J$28 -> 0 | AE27: ='様式２－２－１ 事業別決算書（ふるさと）'!J28 -> 0 | AM27: ⑫ | AQ27: =SUM(AN27:AP27) -> 0
AM28: ⑬ | AN28: 61628 | AP28: 17600 | AQ28: =SUM(AN28:AP28) -> 79228
C29: (5) 役務費 | J29: =SUM(Q29:AK30) -> 0 | Q29: ='様式２－２－１ 事業別決算書（選手強化費）'!$J$30 -> 0 | X29: ='様式２－２－１ 事業別決算書（トップチーム活用)'!$J$30 -> 0 | AE29: ='様式２－２－１ 事業別決算書（ふるさと）'!J30 -> 0 | AM29: ⑭ | AQ29: =SUM(AN29:AP29) -> 0
AM30: ⑮ | AN30: 7480 | AP30: 4400 | AQ30: =SUM(AN30:AP30) -> 11880
C31: (6) 駐車料金 | J31: =SUM(Q31:AK32) -> 0 | Q31: ='様式２－２－１ 事業別決算書（選手強化費）'!$J$22 -> 0 | AM31: ⑯ | AN31: 7480 | AP31: 4400 | AQ31: =SUM(AN31:AP31) -> 11880
AM32: ⑰ | AN32: 82606 | AP32: 15400 | AQ32: =SUM(AN32:AP32) -> 98006
B33: ２ 対象外経費 | J33: =SUM(Q33:AK34) -> 0 | Q33: ='様式２－２－１ 事業別決算書（選手強化費）'!$J$32 -> 0 | X33: ='様式２－２－１ 事業別決算書（トップチーム活用)'!$J$32 -> 0 | AE33: ='様式２－２－１ 事業別決算書（ふるさと）'!J32 -> 0
B35: 支出合計 | J35: =(J33)+(J15) -> 2637089 | AM35: 計 | AN35: =SUM(AN16:AN32) -> 536119 | AO35: =SUM(AO22:AO34) -> 23740 | AP35: =SUM(AP16:AP32) -> 193600 | AQ35: =SUM(AQ16:AQ33) -> 753459 | AR35: =SUM(AN35:AP35) -> 753459
Q36: ※ 各事業の収支決算書の数字がリンクします
A37: 【記入上の注意】
B38: １ 網掛け部分は対象外。金額欄は桁区切が入っているため、そのまま数値を入れること。
B39: ２ 補助金については、内示額を入力すること。
B40: ３ 県内外15,000円を超える宿泊費（消費税込）等、本会が定めた宿泊料金を超過する部分 は、補助対象外とする。
B41: ４ 旅行パック使用時の旅費については、対象経費の宿泊費を除いた金額を交通費にする。
B42: ※ 他の事業（国スポ派遣費、個人指定、女性アスリート、大学・社会人等）と領収書の重複がないようご注意ください。 ※ ポイント還元やキャンペーン等との併用はできませんのでご注意ください。

Sheet 訂正（県ｽ）・2-2戦略プロジェクト収支決算書
A1: 様式２－２
C3: 令和 | F3: ='様式２－１'!E15 -> 7 | H3: 年度 | M3: 宮崎国スポ強化戦略プロジェクト 収支決算書
A5: １ 収 入 | AE5: 単位：円
B6: 費 目 | J6: 金 額 | Q6: 内 訳
B7: １ 補助金 | J7: 2625000 | Q7: 宮崎県スポーツ協会からの補助金（①＋②＋③）
B8: ２ 負担金 | J8: 14289 | Q8: 競技団体負担金
B9: ３ その他
B10: 収入合計 | J10: =SUM(J7:P9) -> 2639289
A12: ２ 支 出 | AE12: 単位：円
B13: 費 目 | J13: 金 額 | Q13: 内 訳
Q14: ①国スポ選手 強化プロジェクト (選手強化費） | X14: ②トップチーム 活用事業 | AE14: ③ふるさと選手活動 支援プロジェクト
B15: １ 対象経費 | J15: =J16+J23+J25+J27+J29+J31 -> 2639289 | Q15: =Q16+Q23+Q25+Q27+Q29+Q31 -> 1886850 | X15: =X16+X23+X25+X27+X29 -> 0 | AN15: 交通費 | AO15: 宿泊費 | AP15: 雑費 | AQ15: 合計
C16: (1) 旅費 | J16: =SUM(J17:P22) -> 1778839 | Q16: =SUM(Q17:W22) -> 1026400 | X16: =SUM(X17:AD22) -> 0 | AE16: =SUM(AE17:AK22) -> 752439 | AM16: ① | AN16: 14110 | AP16: 15400 | AQ16: =SUM(AN16:AP16) -> 29510
D17: ① 交通費 | J17: 1363449 | Q17: ='様式２－２－１ 事業別決算書（選手強化費）'!J16 -> 830550 | X17: ='様式２－２－１ 事業別決算書（トップチーム活用)'!J16 -> 0 | AE17: 532899 | AM17: ② | AN17: 14110 | AP17: 15400 | AQ17: =SUM(AN17:AP17) -> 29510
AM18: ③ | AN18: 10455 | AP18: 15400 | AQ18: =SUM(AN18:AP18) -> 25855
D19: ② 宿泊費 | J19: =SUM(Q19:AK20) -> 104990 | Q19: ='様式２－２－１ 事業別決算書（選手強化費）'!J18 -> 81250 | X19: ='様式２－２－１ 事業別決算書（トップチーム活用)'!J18 -> 0 | AE19: 23740 | AM19: ④ | AN19: 10895 | AP19: 15400 | AQ19: =SUM(AN19:AP19) -> 26295
AM20: ➄ | AN20: 93770 | AP20: 17600 | AQ20: =SUM(AN20:AP20) -> 111370
D21: ③ 旅行雑費 | J21: 310400 | Q21: ='様式２－２－１ 事業別決算書（選手強化費）'!J20 -> 114600 | AE21: 195800 | AM21: ⑥ | AN21: 8415 | AP21: 15400 | AQ21: =SUM(AN21:AP21) -> 23815
AM22: ⑦ | AN22: 144905 | AO22: 12500 | AP22: 22000 | AQ22: =SUM(AN22:AP22) -> 179405
C23: (2) 使用料賃借料 | J23: =SUM(Q23:AK24) -> 373450 | Q23: ='様式２－２－１ 事業別決算書（選手強化費）'!$J$24 -> 373450 | X23: ='様式２－２－１ 事業別決算書（トップチーム活用)'!J22 -> 0 | AM23: ⑧ | AN23: 69370 | AO23: 11240 | AP23: 19800 | AQ23: =SUM(AN23:AP23) -> 100410
AM24: ⑨ | AN24: 10895 | AP24: 15400 | AQ24: =SUM(AN24:AP24) -> 26295
C25: (3) 報償費 | J25: =SUM(Q25:AK26) -> 0 | Q25: ='様式２－２－１ 事業別決算書（選手強化費）'!$J$26 -> 0 | X25: ='様式２－２－１ 事業別決算書（トップチーム活用)'!J24 -> 0 | AM25: ⑩ | AQ25: =SUM(AN25:AP25) -> 0
AM26: ⑪ | AQ26: =SUM(AN26:AP26) -> 0
C27: (4) 需用費 | J27: 487000 | Q27: ='様式２－２－１ 事業別決算書（選手強化費）'!$J$28 -> 487000 | X27: ='様式２－２－１ 事業別決算書（トップチーム活用)'!$J$28 -> 0 | AE27: ='様式２－２－１ 事業別決算書（ふるさと）'!J28 -> 0 | AM27: ⑫ | AQ27: =SUM(AN27:AP27) -> 0
AM28: ⑬ | AN28: 61628 | AP28: 17600 | AQ28: =SUM(AN28:AP28) -> 79228
C29: (5) 役務費 | J29: =SUM(Q29:AK30) -> 0 | Q29: ='様式２－２－１ 事業別決算書（選手強化費）'!$J$30 -> 0 | X29: ='様式２－２－１ 事業別決算書（トップチーム活用)'!$J$30 -> 0 | AE29: ='様式２－２－１ 事業別決算書（ふるさと）'!J30 -> 0 | AM29: ⑭ | AQ29: =SUM(AN29:AP29) -> 0
AM30: ⑮ | AN30: 7480 | AP30: 4400 | AQ30: =SUM(AN30:AP30) -> 11880
C31: (6) 駐車料金 | J31: =SUM(Q31:AK32) -> 0 | Q31: ='様式２－２－１ 事業別決算書（選手強化費）'!$J$22 -> 0 | AM31: ⑯ | AN31: 7480 | AP31: 4400 | AQ31: =SUM(AN31:AP31) -> 11880
AM32: ⑰ | AN32: 82606 | AP32: 15400 | AQ32: =SUM(AN32:AP32) -> 98006
B33: ２ 対象外経費 | J33: =SUM(Q33:AK34) -> 0 | Q33: ='様式２－２－１ 事業別決算書（選手強化費）'!$J$32 -> 0 | X33: ='様式２－２－１ 事業別決算書（トップチーム活用)'!$J$32 -> 0 | AE33: ='様式２－２－１ 事業別決算書（ふるさと）'!J32 -> 0
B35: 支出合計 | J35: =(J33)+(J15) -> 2639289 | AM35: 計 | AN35: =SUM(AN16:AN32) -> 536119 | AO35: =SUM(AO22:AO34) -> 23740 | AP35: =SUM(AP16:AP32) -> 193600 | AQ35: =SUM(AQ16:AQ33) -> 753459 | AR35: =SUM(AN35:AP35) -> 753459
Q36: ※ 各事業の収支決算書の数字がリンクします
A37: 【記入上の注意】
B38: １ 網掛け部分は対象外。金額欄は桁区切が入っているため、そのまま数値を入れること。
B39: ２ 補助金については、内示額を入力すること。
B40: ３ 県内外15,000円を超える宿泊費（消費税込）等、本会が定めた宿泊料金を超過する部分 は、補助対象外とする。
B41: ４ 旅行パック使用時の旅費については、対象経費の宿泊費を除いた金額を交通費にする。
B42: ※ 他の事業（国スポ派遣費、個人指定、女性アスリート、大学・社会人等）と領収書の重複がないようご注意ください。 ※ ポイント還元やキャンペーン等との併用はできませんのでご注意ください。

Sheet 訂正・2-2-1③ふるさと支援　収支決算書
A1: 様式２－２－１事業別決算書
E3: 令和 | H3: 7 | J3: 年度 | N3: ③ふるさと選手活動支援プロジェクト補助金 収支決算書
A5: １ 収 入 | AI5: 単位：円
B6: 費 目 | J6: 金 額 | O6: 内 訳
B7: １ 補助金 | J7: 753459 | O7: 宮崎県スポーツ協会からの補助金 ※対象者：男(13) 女(0)
B8: ２ 負担金 | J8: 0 | O8: 競技団体負担金
B9: ３ その他 | J9: 0
B10: 収入合計 | J10: =SUM(J7:N9) -> 753459
A12: ２ 支 出 | AI12: 単位：円
B13: 費 目 | J13: 金 額 | O13: 内 訳
B14: １ 対象経費 | J14: =J15+J28+J30 -> 750239 | O14: (1)＋(5)＋(6)
C15: (1) 旅費 | J15: =SUM(J16:N21) -> 750239 | O15: ①＋②＋③
D16: ① 交通費 | J16: 532899 | O16: 【5/24】14,110円【6/14】14,110円【8/24】10,455円【9/13】10,895円【9/27】93,770円【10/4】8,415円【10/25】141,685円【11/8】69,370円【11/22】10,895円【1/24】61,628円【2/7】7,480円【2/21】7,480円【2/28】82,606円 | AP16: 144905 | AR16: 536119 | AT16: 8800
AP17: 141685 | AR17: 3220 | AT17: 92400
D18: ② 宿泊費 | J18: 23740 | O18: 6,250円×２回＋5,620円×２回 | AP18: =AP16-AP17 -> 3220 | AR18: =AR16-AR17 -> 532899 | AT18: 52800
AT19: 19800
D20: ③ 旅行雑費 | J20: 193600 | O20: 4,400×2回＋15,400円×6回＋17,600円×3回＋19,800円＋22,000円 | AT20: 22000
AT21: =SUM(AT16:AT20) -> 195800
C22: (2) 使用料賃借料
C24: (3) 報償費
C26: (4) 食糧費
C28: (5) 需用費
C30: (6) 役務費
B32: ２ 対象外経費
B34: 支出合計 | J34: =(J32)+(J14) -> 750239 | O34: １＋２
A36: ３ 差引額 | H36: 1補助金 | L36: =(J7) -> 753459 | Q36: － | S36: １対象経費 | W36: =(J14) -> 750239 | AB36: ＝ | AD36: 差引額 | AG36: =(L36)-(W36) -> 3220
B37: ※ 差引額がマイナスになる場合は、戻入不要。
A38: 【記入上の注意】
B39: １ 網掛け部分は対象外。金額欄は桁区切が入っているため、そのまま数値を入れること。
B40: ２ 補助金については、内示額を入力すること。
B41: ３ 県内外15,000円を超える宿泊費（消費税込）等、本会が定めた宿泊料金を超過する部分は、 補助対象外とする。
B42: ４ 旅行パック使用時の旅費については、対象経費の宿泊費を除いた金額を交通費にする。
B43: ※ 他の事業（国スポ派遣費、個人指定、女性アスリート、大学・社会人等）と領収書の重複が ないようご注意ください。 ※ ポイント還元やキャンペーン等との併用はできませんのでご注意ください。

Sheet 訂正・2-3変更実績報告書
A1: 様式２－３ | V1: （ アイスホッケー ）競技
C3: 変 更 実 績 報 告 書
M4: ※内示額より変更の場合のみ提出
A5: ①選手強化費内での種別間変更 | AO5: 実績
B6: 種 別 | K6: 内 示 額 | T6: 移 動 額 | AC6: 種 別(移動先)
B13: 例）少年男子 | K13: 1,230,000円 | T13: 230,000円 | AC13: 成年男子
A15: ①選手強化費 ②トップチーム活用事業 ③ふるさと選手活動支援での変更
B16: 補助金名 | K16: 内 示 額 | T16: 移 動 額 | AC16: 補助金名(移動先)
B17: 選手強化 | K17: 2020000 | T17: 145239 | AC17: ふるさと選手 | AM17: 1781400 | AO17: 605000
AM18: 238600 | AO18: 729719
AM19: =SUM(AM17:AM18) -> 2020000 | AO19: =AO18-AO17 -> 124719
B21: 例）①選手強化費 | K21: 1,057,900円 | T21: 300,000円 | AC21: ②トップチーム活用事業
A23: 補助額変更後
B24: ①選手強化費 | K24: 内 示 額 | T24: 移 動 後 の 総 額 | AC24: 総 額（合計）
B25: 成年男子 | K25: 2020000 | L25: =SUM(L23:L24) -> 0 | M25: =SUM(M23:M24) -> 0 | N25: =SUM(N23:N24) -> 0 | O25: =SUM(O23:O24) -> 0 | P25: =SUM(P23:P24) -> 0 | Q25: =SUM(Q23:Q24) -> 0 | R25: =SUM(R23:R24) -> 0 | S25: =SUM(S23:S24) -> 0 | T25: 1874761 | AC25: 1874761
B26: 成年女子
B27: 少年男子
B28: 少年女子
B29: ②トップチーム活用事業 | K29: 内 示 額 | T29: 移 動 後 の 総 額 | AC29: 総 額（合計）
B30: 例）少年男子
B31: 例）少年女子
B32: ③ふるさと選手活動支援 | K32: 内 示 額 | T32: 移 動 後 の 総 額 | AC32: 総 額（合計）合計
B33: 成年男子 | K33: 605000 | T33: 750239 | AC33: 750239
B34: ※種別等の記入は競技団体の実態に合わせて御記入ください。

Sheet 訂正・様式4-2⑦⑧実施報告書（ふるさと）
A1: 様式２－４⑦⑧事業実施・実績報告書
B3: 令和 | E3: 7 | G3: 年度 | K3: ③ふるさと選手活動支援事業実施報告書
A5: 団体名 | D5: アイスホッケー連盟
A7: 事 業 名 | D7: 強化練習 ・ 遠征試合 ・ 訪 問 | U7: 強化練習 ・ 遠征試合 ・ 訪 問
D8: 注：強化練習は、合宿練習も含む。遠征試合は、本県の国スポチームとして強化を図るための強化試合を意味する。 | U8: 注：強化練習は、合宿練習も含む。遠征試合は、本県の国スポチームとして強化を図るための強化試合を意味する。
A9: 期 日 | D9: 令和 ７ 年１０月２５日（土） | U9: 令和 ７年１１月 ８日（土）
A10: 場所 | B10: 会 場 | D10: スポガ久留米 | U10: 福岡オービジョンアリーナ
B11: 宿舎名 | D11: ホテルAZ久留米 | U11: ホテルキャビナス福岡
A12: 参 加 人 員 | D12: 男 | F12: （ | G12: 10 | I12: ） | J12: 名 | L12: ・ | M12: 女 | O12: （ | P12: 0 | R12: ） | S12: 名 | U12: 男 | W12: （ | X12: 9 | Z12: ） | AA12: 名 | AC12: ・ | AD12: 女 | AF12: （ | AI12: ） | AJ12: 名
A13: ※参加者名簿別途
A14: 支 出 の 内 訳 | B14: 科 目 | D14: 金 額 | H14: 内 訳 | U14: 金 額 | Y14: 内 訳
B15: 交 通 費 | D15: 141685 | H15: ・航空券：80,100円（羽田↔福岡） ・新幹線：17,880円（仙台↔久留米） ・新幹線：32,890円（西明石↔久留米） ・交通費：10,815円（５台） | U15: 69370 | Y15: ・新幹線：27,080円（兵庫↔博多） ・新幹線：28,180円（西明石↔博多） ・交通費：14,110円（7台）
B16: 宿 泊 費 | D16: 12500 | I16: 6､250 | L16: 円 | M16: × | N16: 2 | P16: 名 | Q16: × | R16: 1 | T16: 泊 | U16: 11240 | Z16: 5､620 | AC16: 円 | AD16: × | AE16: 2 | AG16: 名 | AH16: × | AI16: 1 | AK16: 泊
B17: 旅行雑費 | D17: 22000 | H17: 2,200円（10名） | U17: 19800 | Y17: 2,200円（9名）
B18: 需 用 費 | D18: =IF(OR(I18="",O18=""),"",(I18*O18))
B19: 役 務 費 | D19: =IF(OR(I19="",O19=""),"",(I19*O19))
B20: その他
B24: 計 | D24: =SUM(D15:G23) -> 176185 | U24: =SUM(U15:X23) -> 100410
A25: 日程及び内容 | D25: 令和７年１０月２５日（土） 22:15～22:45 宮崎県選抜と鹿児島県選抜の合同練習 | U25: 令和７年１１月８日（土） 練習試合 23:00～24:30 宮崎県選抜 ４ 対 ７ 福岡県選抜
A32: 事業の成果 ※本県の強化活動におけるこの事業の成果を記載 | D32: 今年の九州ブロックでは対戦しない相手であり、本県競技力推進員の松野選手の高校、大学の後輩がおり、ある程度の競技力も有し、本県のスキルの向上の機会となった。 | U32: 九州ブロ大会まで残り二か月となり、多額の補助金を頂きながら、遠征強化を図ってきた。九州チャンピオンの福岡県に善戦した。反省点をクリアして、次回に臨見たい。
A38: 記入責任者氏名（ 齋藤 豊光 ） 電話番号（090-8224-0842）
A39: ※ 事業名は、本県競技団体の国スポに向けた強化活動（個人の大会参加は対象外）として 該当するものに○を付ける。
A41: ※ 参加人員は、ふるさと選手の数を記載すること。

Sheet 訂正2-4⑰事業実施報告書（ふるさと）
A1: 様式２－４⑰事業実施・実績報告書
B3: 令和 | E3: 7 | G3: 年度 | K3: ③ふるさと選手活動支援事業実施報告書
A5: 団体名 | D5: アイスホッケー連盟
A7: 事 業 名 | D7: 強化練習 ・ 遠征試合 ・ 訪 問 | U7: 強化練習 ・ 遠征試合 ・ 訪 問
D8: 注：強化練習は、合宿練習も含む。遠征試合は、本県の国スポチームとして強化を図るための強化試合を意味する。 | U8: 注：強化練習は、合宿練習も含む。遠征試合は、本県の国スポチームとして強化を図るための強化試合を意味する。
A9: 期 日 | D9: 令和 ８ 年２月２８日（土）～３月１日
A10: 場所 | B10: 会 場 | D10: 福岡アクシオン
B11: 宿舎名 | D11: なし
A12: 参 加 人 員 | D12: 男 | F12: （ | G12: 8 | I12: ） | J12: 名 | L12: ・ | M12: 女 | O12: （ | P12: 0 | R12: ） | S12: 名 | U12: 男 | W12: （ | Z12: ） | AA12: 名 | AC12: ・ | AD12: 女 | AF12: （ | AI12: ） | AJ12: 名
A13: ※参加者名簿別途
A14: 支 出 の 内 訳 | B14: 科 目 | D14: 金 額 | H14: 内 訳 | U14: 金 額 | Y14: 内 訳
B15: 交 通 費 | D15: 82606 | H15: ・交通費：14,110円（7台） ・航空券：68,496円（羽田↔福岡）
B16: 宿 泊 費 | D16: =IF(OR(I16="",N16="",R16=""),"",(I16*N16*R16)) | L16: 円 | M16: × | P16: 泊 | AC16: 円 | AD16: × | AG16: 泊
B17: 旅行雑費 | D17: 17600 | H17: 2,200円×（8名）
B18: 需 用 費 | D18: =IF(OR(I18="",O18=""),"",(I18*O18))
B19: 役 務 費 | D19: =IF(OR(I19="",O19=""),"",(I19*O19))
B20: その他
B24: 計 | D24: =SUM(D15:G23) -> 100206 | U24: =IF(AND(U15="",U16="",U18="",U19="",U20="",U21="",U22="",U23=""),"",SUM(U15,U16,U18,U19,U20,U21,U22,U23))
A25: 事業の成果 ※本県の強化活動におけるこの事業の成果を記載
D26: （１）２月２８日（土）
D27: ①13:50～宮崎鹿児島選抜３対９長崎選抜
D29: （２）３月１日（日）9:00～11:00 決勝戦
D30: ②17:20～宮崎鹿児島選抜１対８佐賀選抜
A32: 事業の成果 ※本県の強化活動におけるこの事業の成果を記載 | D32: 今シーズン最後の公式戦。ふるさと選手の日程調整がつかず、併せて鹿児島県との合同チームで臨んだ。優勝は逃したが、一年間の強化練習の成果を感じながら、次年度の課題が見えた。
A38: 記入責任者氏名（ 齋藤 豊光 ） 電話番号（090-8224-0842）
A39: ※ 事業名は、本県競技団体の国スポに向けた強化活動（個人の大会参加は対象外）として 該当するものに○を付ける。
A41: ※ 参加人員は、ふるさと選手の数を記載すること。

Sheet 訂正・2-5⑰事業別参加者名簿（ふるさと）
A1: 様式２－５⑰事業別参加者名簿
B3: 令和 | C3: 7 | D3: 年度 | E3: ふるさと選手活動支援 | I3: 参加者名簿
B5: 団体名 | D5: アイスホッケー連盟
A6: 【事業実施日】 | C6: 令和 ８ 年 ２ 月２８（土）・ ３ 月 １ 日（日）
A7: 番号 | B7: 監督・選手別 | D7: 氏 名 | G7: 年齢･学年 | H7: 宿泊対象者
H8: 月 日 | I8: 月 日 | J8: 月 日
A9: 1 | B9: 選手 | D9: 渡辺 悟 | E9: 渡辺 悟 | F9: 渡辺 悟 | G9: 51
A10: 2 | B10: 選手 | D10: 小田桐尚矢 | E10: 小田桐尚矢 | F10: 小田桐尚矢 | G10: 35
A11: 3 | B11: 選手 | D11: 日髙 友暉 | E11: 日髙 友暉 | F11: 日髙 友暉 | G11: 22
A12: 4 | B12: 選手 | D12: 久高 弘之 | E12: 久高 弘之 | F12: 久高 弘之 | G12: 34
A13: 5 | B13: 選手 | D13: 大野 航輝 | E13: 大野 航輝 | F13: 大野 航輝 | G13: 27
A14: 6 | B14: 選手 | D14: 山口 文吾 | E14: 山口 文吾 | F14: 山口 文吾 | G14: 27
A15: 7 | B15: 選手 | D15: 図師 良介 | E15: 図師 良介 | F15: 図師 良介 | G15: 40
A16: 8 | B16: 選手 | D16: 小田桐浩希 | E16: 小田桐浩希 | F16: 小田桐浩希 | G16: 39
A17: 9
A18: 10
A19: 11
A20: 12
A21: 13
A22: 14
A23: 15
A24: 16
A25: 17
A26: 18
A27: 19
A28: 20
... A36: 28
A37: 記入責任者氏名（ 齋藤 豊光 ） 電話番号（ 090-8224-0842 ）
A38: ※ 参加者名簿については、事業実施日ごとに作成すること。
A39: ※ 宿泊費の支出があった者については、宿泊対象者の欄に○を付けること。
A40: ※ 参加者名簿様式は、競技団体の様式でも可。ただし、宿泊対象者がわかるように記載すること。

Sheet 訂正・様式2-6⑦ふるさと選手支援事業領収書Ⅰ
A1: 様式２－6⑦
G3: 令和 | J3: 7 | L3: 年度 | P3: ふるさと選手活動支援事業 領収書１
A5: 団体名 | G5: 宮崎県アイスホッケー連盟
AC7: 作成者名（ 齋藤 豊光 ）
A8: No | C8: 氏 名 | J8: 期日 | N8: 交 通 | T8: 支 払 額 | AF8: 受領日 | AP8: 受領 サイン
N9: 区 間 | T9: 交通費 | X9: 宿泊費 | AB9: 雑費
A10: 1 | C10: 渡辺 悟 | J10: 10/25 | N10: 航空機・ﾊﾞｽ | T10: 1700 | X10: 0 | AB10: 2200 | AF10: 10/25
N11: 電車・車(100)㎞
N12: 西新～久留米
A13: 2 | C13: 小田桐尚矢 | J13: 10/25 | N13: 航空機・ﾊﾞｽ | T13: 1615 | X13: 0 | AB13: 2200 | AF13: 10/25
N14: 電車・車(95)㎞
N15: 香椎～久留米
A16: 3 | C16: 山口 文吾 | J16: 10/25 | N16: 航空機・ﾊﾞｽ | T16: 680 | X16: 0 | AB16: 2200 | AF16: 10/25
N17: 電車・車(40)㎞
N18: 筑紫～久留米
A19: 4 | C19: 大野 航輝 | J19: 10/25 | N19: 航空機・ﾊﾞｽ | T19: 0 | X19: 0 | AB19: 2200 | AF19: 10/25
N20: 電車・車( )㎞ | AU20: =144905+2400-5620 -> 141685
N21: ～ | AV21: 2400
A22: 5 | C22: 久高 弘之 | J22: 10/25 | N22: 航空機・ﾊﾞｽ | T22: 0 | X22: 0 | AB22: 2200 | AF22: 10/25 | AV22: 5620
N23: 電車・車( )㎞ | AV23: =SUM(AV21:AV22) -> 8020
N24: ～ | AV24: 136885 | AY24: 32890
A25: 6 | C25: 図師 良介 | J25: 10/25 | N25: 航空機・ﾊﾞｽ | T25: 4950 | X25: 0 | AB25: 2200 | AF25: 10/25
N26: 電車・車(150)㎞
N27: 古賀～久留米
A28: 7 | C28: 日髙 友暉 | J28: 10/25 | N28: 航空機・ﾊﾞｽ | T28: 1870 | X28: 0 | AB28: 2200 | AF28: 10/25
N29: 電車・車(110)㎞
N30: 和白～久留米
A31: 8 | C31: 富高 史也 | J31: 10/25 | N31: 新幹線 | T31: 17880 | X31: 6250 | AB31: 2200 | AF31: 10/25
N32: 電車・車( )㎞
N33: 川内～久留米
A34: 9 | C34: 齋藤 大地 | J34: 10/25 | N34: 新幹線 | T34: 32890 | X34: 6250 | AB34: 2200 | AF34: 10/25
N35: 電車・車( )㎞
N36: 西明石～久留米
A37: 10 | C37: 小田桐浩希 | J37: 10/25 | N37: 航空券 | T37: 80100 | AB37: 2200 | AF37: 10/25
N38: 電車・車( )㎞
N39: 羽田～福岡
P40: 合 計 | T40: =SUM(T10:W39) -> 141685 | X40: =SUM(X10:AA39) -> 12500 | AB40: =SUM(AB10:AE39) -> 22000 | AF40: 旅費合計 | AL40: =SUM(T40:AE40) -> 176185
A41: 記入責任者氏名( 齋藤 豊光 ) | AB41: 電話番号(０９０－８２２４－０８４２ )
A42: 記入上の注意
A43: ① 金額欄は、同額であっても「同上」、「〃」で記入せず、必ず金額を記入のこと。
A44: ② 受領した本人が自署または押印すること。
A45: 航空機利用の場合、領収書（利用者氏名・利用区間・便名・搭乗日が記載されているもの）を添付すること。
A46: ③ 旅行業者等に交通手段・宿泊等を一括手配（依頼）し利用した場合は、旅行業者の領収書を添付する。
A47: 但し、内訳として交通費と宿泊費の明細を添付のこと。
A48: ④ 交通費は、最も経済的な通常の経路、方法により算出すること。
A49: ⑤ 自家用車を利用した場合、出発地と目的地間の最短距離(㎞ 端数切捨)に１７円を乗じた額とする。
A50: また、有料道路利用の場合は、領収書または利用証明書を添付すること。
A51: ⑥ 加盟団体等が定めた取扱等がある場合は、その取扱等により計算した額とすること。但し、本会の基準で計算した額を
A52: 上限とし、超過する場合は補助対象外とする。(注) この場合は、加盟団体等が定めた取扱等を提出すること。
A53: ⑦ 公共交通機関を利用した場合は、利用区間名(バス停、駅)を記入すること。

Sheet 訂正・様式2-6⑰ふるさと選手支援事業領収書Ⅰ
A1: 様式２－６⑰
G3: 令和 | J3: 7 | L3: 年度 | P3: ふるさと選手活動支援事業 領収書１
A5: 団体名 | G5: 宮崎県アイスホッケー連盟
AC7: 作成者名（ 齋藤 豊光 ）
A8: No | C8: 氏 名 | J8: 期日 | N8: 交 通 | T8: 支 払 額 | AF8: 受領日 | AP8: 受領 サイン
N9: 区 間 | T9: 交通費 | X9: 宿泊費 | AB9: 雑費
A10: 1 | C10: 渡辺 悟 | J10: 46081 | N10: 航空機・ﾊﾞｽ | T10: 1020 | X10: 0 | AB10: 2200 | AF10: 46081
N11: 電車・車(60)㎞
N12: 西新～福岡
A13: 2 | C13: 小田桐尚矢 | J13: 46081 | N13: 航空機・ﾊﾞｽ | T13: 850 | X13: 0 | AB13: 2200 | AF13: 46081
N14: 電車・車(50)㎞
N15: 香椎～福岡
A16: 3 | C16: 山口 文吾 | J16: 46081 | N16: 航空機・ﾊﾞｽ | T16: 1020 | X16: 0 | AB16: 2200 | AF16: 46081
N17: 電車・車(60)㎞
N18: 筑紫～福岡
A19: 4 | C19: 大野 航輝 | J19: 46081 | N19: 航空機・ﾊﾞｽ | T19: 3060 | X19: 0 | AB19: 2200 | AF19: 46081
N20: 電車・車（180)㎞
N21: 久留米～福岡
A22: 5 | C22: 久高 弘之 | J22: 46081 | N22: 航空機・ﾊﾞｽ | T22: 3060 | X22: 0 | AB22: 2200 | AF22: 46081
N23: 電車・車（180)㎞
N24: 久留米～福岡
A25: 6 | C25: 図師 良介 | J25: 46081 | N25: 航空機・ﾊﾞｽ | T25: 3060 | X25: 0 | AB25: 2200 | AF25: 46081
N26: 電車・車(180)㎞
N27: 古賀～福岡
A28: 7 | C28: 日髙 友暉 | J28: 46081 | N28: 航空機・ﾊﾞｽ | T28: 2040 | X28: 0 | AB28: 2200 | AF28: 46081
N29: 電車・車(120)㎞
N30: 和白～福岡
A31: 8 | C31: 小田桐浩希 | J31: 46081 | N31: 航空機 | T31: 68496 | AB31: 2200 | AF31: 46081
N32: 電車・車( )㎞
N33: 羽田～福岡
A34: 9
A37: 10
P40: 合 計 | T40: =SUM(T10:W33) -> 82606 | X40: =SUM(X10:AA39) -> 0 | AB40: =SUM(AB10:AE39) -> 17600 | AF40: 旅費合計 | AL40: =SUM(T40:AE40) -> 100206
A41: 記入責任者氏名( 齋藤 豊光 ) | AB41: 電話番号(０９０－８２２４－０８４２ )
A42: 記入上の注意
A43: ① 金額欄は、同額であっても「同上」、「〃」で記入せず、必ず金額を記入のこと。
A44: ② 受領した本人が自署または押印すること。
A45: 航空機利用の場合、領収書（利用者氏名・利用区間・便名・搭乗日が記載されているもの）を添付すること。
A46: ③ 旅行業者等に交通手段・宿泊等を一括手配（依頼）し利用した場合は、旅行業者の領収書を添付する。
A47: 但し、内訳として交通費と宿泊費の明細を添付のこと。
A48: ④ 交通費は、最も経済的な通常の経路、方法により算出すること。
A49: ⑤ 自家用車を利用した場合、出発地と目的地間の最短距離(㎞ 端数切捨)に１７円を乗じた額とする。
A50: また、有料道路利用の場合は、領収書または利用証明書を添付すること。
A51: ⑥ 加盟団体等が定めた取扱等がある場合は、その取扱等により計算した額とすること。但し、本会の基準で計算した額を
A52: 上限とし、超過する場合は補助対象外とする。(注) この場合は、加盟団体等が定めた取扱等を提出すること。
A53: ⑦ 公共交通機関を利用した場合は、利用区間名(バス停、駅)を記入すること。

Sheet Sheet2
